id,location_id,store_name,period_start,period_end,guests_per_negative,loaded_at
2,112-0001,Stillwater (OK),2022-12-29,2023-01-25,1648.83,2026-04-03T19:22:18.585506+00:00
3,112-0001,Stillwater (OK),2023-01-26,2023-02-22,5804.0,2026-04-03T19:22:18.585506+00:00
4,112-0001,Stillwater (OK),2023-02-23,2023-03-22,2292.0,2026-04-03T19:22:18.585506+00:00
5,112-0001,Stillwater (OK),2023-03-23,2023-04-19,4076.0,2026-04-03T19:22:18.585506+00:00
6,112-0001,Stillwater (OK),2023-04-20,2023-05-17,6482.0,2026-04-03T19:22:18.585506+00:00
7,112-0001,Stillwater (OK),2023-05-18,2023-06-14,5627.5,2026-04-03T19:22:18.585506+00:00
8,112-0001,Stillwater (OK),2023-06-15,2023-07-12,9419.0,2026-04-03T19:22:18.585506+00:00
9,112-0001,Stillwater (OK),2023-07-13,2023-08-09,3160.33,2026-04-03T19:22:18.585506+00:00
10,112-0001,Stillwater (OK),2023-08-10,2023-09-06,3068.0,2026-04-03T19:22:18.585506+00:00
11,112-0001,Stillwater (OK),2023-09-07,2023-10-04,3007.75,2026-04-03T19:22:18.585506+00:00
12,112-0001,Stillwater (OK),2023-10-05,2023-11-01,4125.0,2026-04-03T19:22:18.585506+00:00
13,112-0001,Stillwater (OK),2023-11-02,2023-11-29,3632.67,2026-04-03T19:22:18.585506+00:00
14,112-0001,Stillwater (OK),2023-11-30,2023-12-27,1919.6,2026-04-03T19:22:18.585506+00:00
15,112-0001,Stillwater (OK),2023-12-28,2024-01-24,4130.5,2026-04-03T19:22:18.585506+00:00
16,112-0001,Stillwater (OK),2024-01-25,2024-02-21,5736.0,2026-04-03T19:22:18.585506+00:00
17,112-0001,Stillwater (OK),2024-02-22,2024-03-20,5553.0,2026-04-03T19:22:18.585506+00:00
18,112-0001,Stillwater (OK),2024-03-21,2024-04-17,4094.67,2026-04-03T19:22:18.585506+00:00
19,112-0001,Stillwater (OK),2024-04-18,2024-05-15,6510.0,2026-04-03T19:22:18.585506+00:00
20,112-0001,Stillwater (OK),2024-05-16,2024-06-12,9834.0,2026-04-03T19:22:18.585506+00:00
21,112-0001,Stillwater (OK),2024-06-13,2024-07-10,9402.0,2026-04-03T19:22:18.585506+00:00
22,112-0001,Stillwater (OK),2024-07-11,2024-08-07,5221.0,2026-04-03T19:22:18.585506+00:00
23,112-0001,Stillwater (OK),2024-08-08,2024-09-04,4136.67,2026-04-03T19:22:18.585506+00:00
24,112-0001,Stillwater (OK),2024-09-05,2024-10-02,4173.67,2026-04-03T19:22:18.585506+00:00
25,112-0001,Stillwater (OK),2024-10-03,2024-10-30,5860.5,2026-04-03T19:22:18.585506+00:00
26,112-0001,Stillwater (OK),2024-10-31,2024-11-27,11692.0,2026-04-03T19:22:18.585506+00:00
27,112-0001,Stillwater (OK),2024-11-28,2024-12-25,1812.8,2026-04-03T19:22:18.585506+00:00
28,112-0001,Stillwater (OK),2024-12-26,2025-01-22,8479.0,2026-04-03T19:22:18.585506+00:00
29,112-0001,Stillwater (OK),2025-01-23,2025-02-19,3353.0,2026-04-03T19:22:18.585506+00:00
30,112-0001,Stillwater (OK),2025-02-20,2025-03-19,1891.67,2026-04-03T19:22:18.585506+00:00
31,112-0001,Stillwater (OK),2025-03-20,2025-04-16,3796.0,2026-04-03T19:22:18.585506+00:00
32,112-0001,Stillwater (OK),2025-04-17,2025-05-14,11767.0,2026-04-03T19:22:18.585506+00:00
33,112-0001,Stillwater (OK),2025-05-15,2025-06-11,2967.67,2026-04-03T19:22:18.585506+00:00
34,112-0001,Stillwater (OK),2025-06-12,2025-07-09,3964.0,2026-04-03T19:22:18.585506+00:00
35,112-0001,Stillwater (OK),2025-07-10,2025-08-06,2917.67,2026-04-03T19:22:18.585506+00:00
36,112-0001,Stillwater (OK),2025-08-07,2025-09-03,2771.25,2026-04-03T19:22:18.585506+00:00
37,112-0001,Stillwater (OK),2025-09-04,2025-10-01,1637.29,2026-04-03T19:22:18.585506+00:00
38,112-0001,Stillwater (OK),2025-10-02,2025-10-29,1886.5,2026-04-03T19:22:18.585506+00:00
39,112-0001,Stillwater (OK),2025-10-30,2025-11-26,1573.71,2026-04-03T19:22:18.585506+00:00
40,112-0001,Stillwater (OK),2025-11-27,2025-12-31,1725.17,2026-04-03T19:22:18.585506+00:00
41,112-0001,Stillwater (OK),2026-01-01,2026-01-28,9474.0,2026-04-03T19:22:18.585506+00:00
42,112-0001,Stillwater (OK),2026-01-29,2026-02-25,2897.5,2026-04-03T19:22:18.585506+00:00
43,112-0001,Stillwater (OK),2026-02-26,2026-03-25,1388.75,2026-04-03T19:22:18.585506+00:00
44,112-0001,Stillwater (OK),2026-03-26,2026-04-22,1725.5,2026-04-03T19:22:18.585506+00:00
45,112-0002,Muskogee (OK),2022-12-29,2023-01-25,12348.0,2026-04-03T19:22:18.585506+00:00
46,112-0002,Muskogee (OK),2023-01-26,2023-02-22,5997.0,2026-04-03T19:22:18.585506+00:00
47,112-0002,Muskogee (OK),2023-02-23,2023-03-22,14037.0,2026-04-03T19:22:18.585506+00:00
48,112-0002,Muskogee (OK),2023-03-23,2023-04-19,12600.0,2026-04-03T19:22:18.585506+00:00
49,112-0002,Muskogee (OK),2023-04-20,2023-05-17,6526.0,2026-04-03T19:22:18.585506+00:00
50,112-0002,Muskogee (OK),2023-05-18,2023-06-14,3319.0,2026-04-03T19:22:18.585506+00:00
51,112-0002,Muskogee (OK),2023-06-15,2023-07-12,6708.5,2026-04-03T19:22:18.585506+00:00
52,112-0002,Muskogee (OK),2023-07-13,2023-08-09,6595.5,2026-04-03T19:22:18.585506+00:00
53,112-0002,Muskogee (OK),2023-08-10,2023-09-06,12361.0,2026-04-03T19:22:18.585506+00:00
54,112-0002,Muskogee (OK),2023-09-07,2023-10-04,6028.5,2026-04-03T19:22:18.585506+00:00
55,112-0002,Muskogee (OK),2023-10-05,2023-11-01,12558.0,2026-04-03T19:22:18.585506+00:00
56,112-0002,Muskogee (OK),2023-11-02,2023-11-29,11782.0,2026-04-03T19:22:18.585506+00:00
57,112-0002,Muskogee (OK),2023-11-30,2023-12-27,13167.0,2026-04-03T19:22:18.585506+00:00
58,112-0002,Muskogee (OK),2023-12-28,2024-01-24,2074.4,2026-04-03T19:22:18.585506+00:00
59,112-0002,Muskogee (OK),2024-01-25,2024-02-21,11641.0,2026-04-03T19:22:18.585506+00:00
60,112-0002,Muskogee (OK),2024-02-22,2024-03-20,6485.0,2026-04-03T19:22:18.585506+00:00
61,112-0002,Muskogee (OK),2024-03-21,2024-04-17,2086.5,2026-04-03T19:22:18.585506+00:00
62,112-0002,Muskogee (OK),2024-04-18,2024-05-15,12284.0,2026-04-03T19:22:18.585506+00:00
63,112-0002,Muskogee (OK),2024-05-16,2024-06-12,13177.0,2026-04-03T19:22:18.585506+00:00
64,112-0002,Muskogee (OK),2024-06-13,2024-07-10,13239.0,2026-04-03T19:22:18.585506+00:00
65,112-0002,Muskogee (OK),2024-07-11,2024-08-07,6635.5,2026-04-03T19:22:18.585506+00:00
66,112-0002,Muskogee (OK),2024-08-08,2024-09-04,5854.5,2026-04-03T19:22:18.585506+00:00
67,112-0002,Muskogee (OK),2024-09-05,2024-10-02,11655.0,2026-04-03T19:22:18.585506+00:00
68,112-0002,Muskogee (OK),2024-10-03,2024-10-30,12188.0,2026-04-03T19:22:18.585506+00:00
69,112-0002,Muskogee (OK),2024-10-31,2024-11-27,11749.0,2026-04-03T19:22:18.585506+00:00
70,112-0002,Muskogee (OK),2024-11-28,2024-12-25,12927.0,2026-04-03T19:22:18.585506+00:00
71,112-0002,Muskogee (OK),2024-12-26,2025-01-22,5264.0,2026-04-03T19:22:18.585506+00:00
72,112-0002,Muskogee (OK),2025-01-23,2025-02-19,3705.0,2026-04-03T19:22:18.585506+00:00
73,112-0002,Muskogee (OK),2025-02-20,2025-03-19,3362.25,2026-04-03T19:22:18.585506+00:00
74,112-0002,Muskogee (OK),2025-03-20,2025-04-16,12479.0,2026-04-03T19:22:18.585506+00:00
75,112-0002,Muskogee (OK),2025-04-17,2025-05-14,3977.33,2026-04-03T19:22:18.585506+00:00
76,112-0002,Muskogee (OK),2025-05-15,2025-06-11,6423.0,2026-04-03T19:22:18.585506+00:00
77,112-0002,Muskogee (OK),2025-06-12,2025-07-09,2385.0,2026-04-03T19:22:18.585506+00:00
78,112-0002,Muskogee (OK),2025-07-10,2025-08-06,6168.5,2026-04-03T19:22:18.585506+00:00
79,112-0002,Muskogee (OK),2025-08-07,2025-09-03,11246.0,2026-04-03T19:22:18.585506+00:00
80,112-0002,Muskogee (OK),2025-09-04,2025-10-01,11225.0,2026-04-03T19:22:18.585506+00:00
81,112-0002,Muskogee (OK),2025-10-02,2025-10-29,11375.0,2026-04-03T19:22:18.585506+00:00
82,112-0002,Muskogee (OK),2025-10-30,2025-11-26,2913.5,2026-04-03T19:22:18.585506+00:00
83,112-0002,Muskogee (OK),2025-11-27,2025-12-31,7956.5,2026-04-03T19:22:18.585506+00:00
84,112-0002,Muskogee (OK),2026-01-01,2026-01-28,2660.5,2026-04-03T19:22:18.585506+00:00
85,112-0002,Muskogee (OK),2026-01-29,2026-02-25,4204.33,2026-04-03T19:22:18.585506+00:00
86,112-0002,Muskogee (OK),2026-02-26,2026-03-25,3395.5,2026-04-03T19:22:18.585506+00:00
87,112-0002,Muskogee (OK),2026-03-26,2026-04-22,3854.0,2026-04-03T19:22:18.585506+00:00
88,112-0003,Lawton (OK),2022-12-29,2023-01-25,3202.33,2026-04-03T19:22:18.585506+00:00
89,112-0003,Lawton (OK),2023-01-26,2023-02-22,1625.0,2026-04-03T19:22:18.585506+00:00
90,112-0003,Lawton (OK),2023-02-23,2023-03-22,5426.5,2026-04-03T19:22:18.585506+00:00
91,112-0003,Lawton (OK),2023-03-23,2023-04-19,1729.33,2026-04-03T19:22:18.585506+00:00
92,112-0003,Lawton (OK),2023-04-20,2023-05-17,1352.25,2026-04-03T19:22:18.585506+00:00
93,112-0003,Lawton (OK),2023-05-18,2023-06-14,1865.33,2026-04-03T19:22:18.585506+00:00
94,112-0003,Lawton (OK),2023-06-15,2023-07-12,2780.5,2026-04-03T19:22:18.585506+00:00
95,112-0003,Lawton (OK),2023-07-13,2023-08-09,1120.5,2026-04-03T19:22:18.585506+00:00
96,112-0003,Lawton (OK),2023-08-10,2023-09-06,919.55,2026-04-03T19:22:18.585506+00:00
97,112-0003,Lawton (OK),2023-09-07,2023-10-04,1726.0,2026-04-03T19:22:18.585506+00:00
98,112-0003,Lawton (OK),2023-10-05,2023-11-01,1983.4,2026-04-03T19:22:18.585506+00:00
99,112-0003,Lawton (OK),2023-11-02,2023-11-29,1039.9,2026-04-03T19:22:18.585506+00:00
100,112-0003,Lawton (OK),2023-11-30,2023-12-27,1221.25,2026-04-03T19:22:18.585506+00:00
101,112-0003,Lawton (OK),2023-12-28,2024-01-24,4600.5,2026-04-03T19:22:18.585506+00:00
102,112-0003,Lawton (OK),2024-01-25,2024-02-21,2399.75,2026-04-03T19:22:18.585506+00:00
103,112-0003,Lawton (OK),2024-02-22,2024-03-20,1425.25,2026-04-03T19:22:18.585506+00:00
104,112-0003,Lawton (OK),2024-03-21,2024-04-17,2765.75,2026-04-03T19:22:18.585506+00:00
105,112-0003,Lawton (OK),2024-04-18,2024-05-15,5196.5,2026-04-03T19:22:18.585506+00:00
106,112-0003,Lawton (OK),2024-05-16,2024-06-12,2682.25,2026-04-03T19:22:18.585506+00:00
107,112-0003,Lawton (OK),2024-06-13,2024-07-10,3344.0,2026-04-03T19:22:18.585506+00:00
108,112-0003,Lawton (OK),2024-07-11,2024-08-07,2657.0,2026-04-03T19:22:18.585506+00:00
109,112-0003,Lawton (OK),2024-08-08,2024-09-04,2350.25,2026-04-03T19:22:18.585506+00:00
110,112-0003,Lawton (OK),2024-09-05,2024-10-02,1559.17,2026-04-03T19:22:18.585506+00:00
111,112-0003,Lawton (OK),2024-10-03,2024-10-30,2269.75,2026-04-03T19:22:18.585506+00:00
112,112-0003,Lawton (OK),2024-10-31,2024-11-27,1599.83,2026-04-03T19:22:18.585506+00:00
113,112-0003,Lawton (OK),2024-11-28,2024-12-25,1193.29,2026-04-03T19:22:18.585506+00:00
114,112-0003,Lawton (OK),2024-12-26,2025-01-22,1011.14,2026-04-03T19:22:18.585506+00:00
115,112-0003,Lawton (OK),2025-01-23,2025-02-19,1271.67,2026-04-03T19:22:18.585506+00:00
116,112-0003,Lawton (OK),2025-02-20,2025-03-19,867.9,2026-04-03T19:22:18.585506+00:00
117,112-0003,Lawton (OK),2025-03-20,2025-04-16,2877.67,2026-04-03T19:22:18.585506+00:00
118,112-0003,Lawton (OK),2025-04-17,2025-05-14,1194.71,2026-04-03T19:22:18.585506+00:00
119,112-0003,Lawton (OK),2025-05-15,2025-06-11,1155.13,2026-04-03T19:22:18.585506+00:00
120,112-0003,Lawton (OK),2025-06-12,2025-07-09,639.15,2026-04-03T19:22:18.585506+00:00
121,112-0003,Lawton (OK),2025-07-10,2025-08-06,816.1,2026-04-03T19:22:18.585506+00:00
122,112-0003,Lawton (OK),2025-08-07,2025-09-03,638.67,2026-04-03T19:22:18.585506+00:00
123,112-0003,Lawton (OK),2025-09-04,2025-10-01,1182.17,2026-04-03T19:22:18.585506+00:00
124,112-0003,Lawton (OK),2025-10-02,2025-10-29,873.5,2026-04-03T19:22:18.585506+00:00
125,112-0003,Lawton (OK),2025-10-30,2025-11-26,1394.5,2026-04-03T19:22:18.585506+00:00
126,112-0003,Lawton (OK),2025-11-27,2025-12-31,8814.0,2026-04-03T19:22:18.585506+00:00
127,112-0003,Lawton (OK),2026-01-01,2026-01-28,1205.4,2026-04-03T19:22:18.585506+00:00
128,112-0003,Lawton (OK),2026-01-29,2026-02-25,7704.0,2026-04-03T19:22:18.585506+00:00
129,112-0003,Lawton (OK),2026-02-26,2026-03-25,2175.75,2026-04-03T19:22:18.585506+00:00
130,112-0003,Lawton (OK),2026-03-26,2026-04-22,2435.0,2026-04-03T19:22:18.585506+00:00
131,112-0004,Ardmore (OK),2022-12-29,2023-01-25,2875.0,2026-04-03T19:22:18.585506+00:00
132,112-0004,Ardmore (OK),2023-01-26,2023-02-22,8388.0,2026-04-03T19:22:18.585506+00:00
133,112-0004,Ardmore (OK),2023-02-23,2023-03-22,2726.5,2026-04-03T19:22:18.585506+00:00
134,112-0004,Ardmore (OK),2023-03-23,2023-04-19,10601.0,2026-04-03T19:22:18.585506+00:00
135,112-0004,Ardmore (OK),2023-04-20,2023-05-17,2630.25,2026-04-03T19:22:18.585506+00:00
136,112-0004,Ardmore (OK),2023-05-18,2023-06-14,1868.33,2026-04-03T19:22:18.585506+00:00
137,112-0004,Ardmore (OK),2023-06-15,2023-07-12,2355.0,2026-04-03T19:22:18.585506+00:00
138,112-0004,Ardmore (OK),2023-07-13,2023-08-09,1659.43,2026-04-03T19:22:18.585506+00:00
139,112-0004,Ardmore (OK),2023-08-10,2023-09-06,4860.0,2026-04-03T19:22:18.585506+00:00
140,112-0004,Ardmore (OK),2023-09-07,2023-10-04,4813.0,2026-04-03T19:22:18.585506+00:00
141,112-0004,Ardmore (OK),2023-10-05,2023-11-01,1176.88,2026-04-03T19:22:18.585506+00:00
142,112-0004,Ardmore (OK),2023-11-02,2023-11-29,1681.0,2026-04-03T19:22:18.585506+00:00
143,112-0004,Ardmore (OK),2023-11-30,2023-12-27,2369.75,2026-04-03T19:22:18.585506+00:00
144,112-0004,Ardmore (OK),2023-12-28,2024-01-24,1411.5,2026-04-03T19:22:18.585506+00:00
145,112-0004,Ardmore (OK),2024-01-25,2024-02-21,2212.25,2026-04-03T19:22:18.585506+00:00
146,112-0004,Ardmore (OK),2024-02-22,2024-03-20,1075.0,2026-04-03T19:22:18.585506+00:00
147,112-0004,Ardmore (OK),2024-03-21,2024-04-17,3655.67,2026-04-03T19:22:18.585506+00:00
148,112-0004,Ardmore (OK),2024-04-18,2024-05-15,3470.67,2026-04-03T19:22:18.585506+00:00
149,112-0004,Ardmore (OK),2024-05-16,2024-06-12,1510.88,2026-04-03T19:22:18.585506+00:00
150,112-0004,Ardmore (OK),2024-06-13,2024-07-10,1344.78,2026-04-03T19:22:18.585506+00:00
151,112-0004,Ardmore (OK),2024-07-11,2024-08-07,2930.25,2026-04-03T19:22:18.585506+00:00
152,112-0004,Ardmore (OK),2024-08-08,2024-09-04,2006.6,2026-04-03T19:22:18.585506+00:00
153,112-0004,Ardmore (OK),2024-09-05,2024-10-02,1630.67,2026-04-03T19:22:18.585506+00:00
154,112-0004,Ardmore (OK),2024-10-03,2024-10-30,1231.0,2026-04-03T19:22:18.585506+00:00
155,112-0004,Ardmore (OK),2024-10-31,2024-11-27,4581.0,2026-04-03T19:22:18.585506+00:00
156,112-0004,Ardmore (OK),2024-11-28,2024-12-25,963.11,2026-04-03T19:22:18.585506+00:00
157,112-0004,Ardmore (OK),2024-12-26,2025-01-22,2521.0,2026-04-03T19:22:18.585506+00:00
158,112-0004,Ardmore (OK),2025-01-23,2025-02-19,2582.33,2026-04-03T19:22:18.585506+00:00
159,112-0004,Ardmore (OK),2025-02-20,2025-03-19,1572.67,2026-04-03T19:22:18.585506+00:00
160,112-0004,Ardmore (OK),2025-03-20,2025-04-16,1995.0,2026-04-03T19:22:18.585506+00:00
161,112-0004,Ardmore (OK),2025-04-17,2025-05-14,1095.33,2026-04-03T19:22:18.585506+00:00
162,112-0004,Ardmore (OK),2025-05-15,2025-06-11,1132.44,2026-04-03T19:22:18.585506+00:00
163,112-0004,Ardmore (OK),2025-06-12,2025-07-09,685.27,2026-04-03T19:22:18.585506+00:00
164,112-0004,Ardmore (OK),2025-07-10,2025-08-06,704.79,2026-04-03T19:22:18.585506+00:00
165,112-0004,Ardmore (OK),2025-08-07,2025-09-03,2939.0,2026-04-03T19:22:18.585506+00:00
166,112-0004,Ardmore (OK),2025-09-04,2025-10-01,1392.83,2026-04-03T19:22:18.585506+00:00
167,112-0004,Ardmore (OK),2025-10-02,2025-10-29,2855.33,2026-04-03T19:22:18.585506+00:00
168,112-0004,Ardmore (OK),2025-10-30,2025-11-26,4108.0,2026-04-03T19:22:18.585506+00:00
169,112-0004,Ardmore (OK),2025-11-27,2025-12-31,1759.5,2026-04-03T19:22:18.585506+00:00
170,112-0004,Ardmore (OK),2026-01-01,2026-01-28,6721.0,2026-04-03T19:22:18.585506+00:00
171,112-0004,Ardmore (OK),2026-01-29,2026-02-25,1527.0,2026-04-03T19:22:18.585506+00:00
172,112-0004,Ardmore (OK),2026-02-26,2026-03-25,1280.75,2026-04-03T19:22:18.585506+00:00
173,112-0004,Ardmore (OK),2026-03-26,2026-04-22,2762.0,2026-04-03T19:22:18.585506+00:00
174,112-0005,Durant (OK),2022-12-29,2023-01-25,1814.75,2026-04-03T19:22:18.585506+00:00
175,112-0005,Durant (OK),2023-01-26,2023-02-22,6926.0,2026-04-03T19:22:18.585506+00:00
176,112-0005,Durant (OK),2023-02-23,2023-03-22,4257.0,2026-04-03T19:22:18.585506+00:00
177,112-0005,Durant (OK),2023-03-23,2023-04-19,2447.67,2026-04-03T19:22:18.585506+00:00
178,112-0005,Durant (OK),2023-04-20,2023-05-17,2630.0,2026-04-03T19:22:18.585506+00:00
179,112-0005,Durant (OK),2023-05-18,2023-06-14,1101.5,2026-04-03T19:22:18.585506+00:00
180,112-0005,Durant (OK),2023-06-15,2023-07-12,783.0,2026-04-03T19:22:18.585506+00:00
181,112-0005,Durant (OK),2023-07-13,2023-08-09,1573.6,2026-04-03T19:22:18.585506+00:00
182,112-0005,Durant (OK),2023-08-10,2023-09-06,1013.57,2026-04-03T19:22:18.585506+00:00
183,112-0005,Durant (OK),2023-09-07,2023-10-04,3514.0,2026-04-03T19:22:18.585506+00:00
184,112-0005,Durant (OK),2023-10-05,2023-11-01,1684.0,2026-04-03T19:22:18.585506+00:00
185,112-0005,Durant (OK),2023-11-02,2023-11-29,1204.67,2026-04-03T19:22:18.585506+00:00
186,112-0005,Durant (OK),2023-11-30,2023-12-27,2213.0,2026-04-03T19:22:18.585506+00:00
187,112-0005,Durant (OK),2023-12-28,2024-01-24,1268.4,2026-04-03T19:22:18.585506+00:00
188,112-0005,Durant (OK),2024-01-25,2024-02-21,1049.33,2026-04-03T19:22:18.585506+00:00
189,112-0005,Durant (OK),2024-02-22,2024-03-20,989.38,2026-04-03T19:22:18.585506+00:00
190,112-0005,Durant (OK),2024-03-21,2024-04-17,4083.0,2026-04-03T19:22:18.585506+00:00
191,112-0005,Durant (OK),2024-04-18,2024-05-15,7918.0,2026-04-03T19:22:18.585506+00:00
192,112-0005,Durant (OK),2024-05-16,2024-06-12,8424.0,2026-04-03T19:22:18.585506+00:00
193,112-0005,Durant (OK),2024-06-13,2024-07-10,1786.2,2026-04-03T19:22:18.585506+00:00
194,112-0005,Durant (OK),2024-07-11,2024-08-07,2941.33,2026-04-03T19:22:18.585506+00:00
195,112-0005,Durant (OK),2024-08-08,2024-09-04,7769.0,2026-04-03T19:22:18.585506+00:00
196,112-0005,Durant (OK),2024-09-05,2024-10-02,8027.0,2026-04-03T19:22:18.585506+00:00
197,112-0005,Durant (OK),2024-10-03,2024-10-30,4032.5,2026-04-03T19:22:18.585506+00:00
198,112-0005,Durant (OK),2024-10-31,2024-11-27,936.88,2026-04-03T19:22:18.585506+00:00
199,112-0005,Durant (OK),2024-11-28,2024-12-25,229.48,2026-04-03T19:22:18.585506+00:00
200,112-0005,Durant (OK),2024-12-26,2025-01-22,992.5,2026-04-03T19:22:18.585506+00:00
201,112-0005,Durant (OK),2025-01-23,2025-02-19,836.25,2026-04-03T19:22:18.585506+00:00
202,112-0005,Durant (OK),2025-02-20,2025-03-19,512.27,2026-04-03T19:22:18.585506+00:00
203,112-0005,Durant (OK),2025-03-20,2025-04-16,1045.57,2026-04-03T19:22:18.585506+00:00
204,112-0005,Durant (OK),2025-04-17,2025-05-14,1189.5,2026-04-03T19:22:18.585506+00:00
205,112-0005,Durant (OK),2025-05-15,2025-06-11,3660.0,2026-04-03T19:22:18.585506+00:00
206,112-0005,Durant (OK),2025-06-12,2025-07-09,1224.33,2026-04-03T19:22:18.585506+00:00
207,112-0005,Durant (OK),2025-07-10,2025-08-06,692.1,2026-04-03T19:22:18.585506+00:00
208,112-0005,Durant (OK),2025-08-07,2025-09-03,301.5,2026-04-03T19:22:18.585506+00:00
209,112-0005,Durant (OK),2025-09-04,2025-10-01,401.8,2026-04-03T19:22:18.585506+00:00
210,112-0005,Durant (OK),2025-10-02,2025-10-29,383.5,2026-04-03T19:22:18.585506+00:00
211,112-0005,Durant (OK),2025-10-30,2025-11-26,1518.75,2026-04-03T19:22:18.585506+00:00
212,112-0005,Durant (OK),2025-11-27,2025-12-31,945.86,2026-04-03T19:22:18.585506+00:00
213,112-0005,Durant (OK),2026-01-01,2026-01-28,1805.0,2026-04-03T19:22:18.585506+00:00
214,112-0005,Durant (OK),2026-01-29,2026-02-25,6154.0,2026-04-03T19:22:18.585506+00:00
215,112-0005,Durant (OK),2026-02-26,2026-03-25,1260.0,2026-04-03T19:22:18.585506+00:00
216,112-0005,Durant (OK),2026-03-26,2026-04-22,694.67,2026-04-03T19:22:18.585506+00:00
217,112-0006,Wichita Falls (TX),2022-12-29,2023-01-25,7574.0,2026-04-03T19:22:18.585506+00:00
218,112-0006,Wichita Falls (TX),2023-01-26,2023-02-22,8130.0,2026-04-03T19:22:18.585506+00:00
219,112-0006,Wichita Falls (TX),2023-02-23,2023-03-22,8825.0,2026-04-03T19:22:18.585506+00:00
220,112-0006,Wichita Falls (TX),2023-03-23,2023-04-19,4511.5,2026-04-03T19:22:18.585506+00:00
221,112-0006,Wichita Falls (TX),2023-04-20,2023-05-17,8761.0,2026-04-03T19:22:18.585506+00:00
222,112-0006,Wichita Falls (TX),2023-05-18,2023-06-14,4308.0,2026-04-03T19:22:18.585506+00:00
223,112-0006,Wichita Falls (TX),2023-06-15,2023-07-12,2136.25,2026-04-03T19:22:18.585506+00:00
224,112-0006,Wichita Falls (TX),2023-07-13,2023-08-09,8844.0,2026-04-03T19:22:18.585506+00:00
225,112-0006,Wichita Falls (TX),2023-08-10,2023-09-06,9007.0,2026-04-03T19:22:18.585506+00:00
226,112-0006,Wichita Falls (TX),2023-09-07,2023-10-04,8674.0,2026-04-03T19:22:18.585506+00:00
227,112-0006,Wichita Falls (TX),2023-10-05,2023-11-01,4173.0,2026-04-03T19:22:18.585506+00:00
228,112-0006,Wichita Falls (TX),2023-11-02,2023-11-29,1595.67,2026-04-03T19:22:18.585506+00:00
229,112-0006,Wichita Falls (TX),2023-11-30,2023-12-27,3217.67,2026-04-03T19:22:18.585506+00:00
230,112-0006,Wichita Falls (TX),2023-12-28,2024-01-24,8543.0,2026-04-03T19:22:18.585506+00:00
231,112-0006,Wichita Falls (TX),2024-01-25,2024-02-21,9673.0,2026-04-03T19:22:18.585506+00:00
232,112-0006,Wichita Falls (TX),2024-02-22,2024-03-20,5592.5,2026-04-03T19:22:18.585506+00:00
233,112-0006,Wichita Falls (TX),2024-03-21,2024-04-17,11069.0,2026-04-03T19:22:18.585506+00:00
234,112-0006,Wichita Falls (TX),2024-04-18,2024-05-15,5417.0,2026-04-03T19:22:18.585506+00:00
235,112-0006,Wichita Falls (TX),2024-05-16,2024-06-12,11423.0,2026-04-03T19:22:18.585506+00:00
236,112-0006,Wichita Falls (TX),2024-06-13,2024-07-10,2915.0,2026-04-03T19:22:18.585506+00:00
237,112-0006,Wichita Falls (TX),2024-07-11,2024-08-07,6375.0,2026-04-03T19:22:18.585506+00:00
238,112-0006,Wichita Falls (TX),2024-08-08,2024-09-04,10674.0,2026-04-03T19:22:18.585506+00:00
239,112-0006,Wichita Falls (TX),2024-09-05,2024-10-02,3582.0,2026-04-03T19:22:18.585506+00:00
240,112-0006,Wichita Falls (TX),2024-10-03,2024-10-30,1737.0,2026-04-03T19:22:18.585506+00:00
241,112-0006,Wichita Falls (TX),2024-10-31,2024-11-27,3515.33,2026-04-03T19:22:18.585506+00:00
242,112-0006,Wichita Falls (TX),2024-11-28,2024-12-25,1999.4,2026-04-03T19:22:18.585506+00:00
243,112-0006,Wichita Falls (TX),2024-12-26,2025-01-22,2328.25,2026-04-03T19:22:18.585506+00:00
244,112-0006,Wichita Falls (TX),2025-01-23,2025-02-19,1620.67,2026-04-03T19:22:18.585506+00:00
245,112-0006,Wichita Falls (TX),2025-02-20,2025-03-19,1401.25,2026-04-03T19:22:18.585506+00:00
246,112-0006,Wichita Falls (TX),2025-03-20,2025-04-16,10454.0,2026-04-03T19:22:18.585506+00:00
247,112-0006,Wichita Falls (TX),2025-04-17,2025-05-14,1818.67,2026-04-03T19:22:18.585506+00:00
248,112-0006,Wichita Falls (TX),2025-05-15,2025-06-11,1851.33,2026-04-03T19:22:18.585506+00:00
249,112-0006,Wichita Falls (TX),2025-06-12,2025-07-09,3514.0,2026-04-03T19:22:18.585506+00:00
250,112-0006,Wichita Falls (TX),2025-07-10,2025-08-06,2638.25,2026-04-03T19:22:18.585506+00:00
251,112-0006,Wichita Falls (TX),2025-08-07,2025-09-03,2524.0,2026-04-03T19:22:18.585506+00:00
252,112-0006,Wichita Falls (TX),2025-09-04,2025-10-01,2415.75,2026-04-03T19:22:18.585506+00:00
253,112-0006,Wichita Falls (TX),2025-10-02,2025-10-29,4442.0,2026-04-03T19:22:18.585506+00:00
254,112-0006,Wichita Falls (TX),2025-10-30,2025-11-26,2386.0,2026-04-03T19:22:18.585506+00:00
255,112-0006,Wichita Falls (TX),2025-11-27,2025-12-31,1223.78,2026-04-03T19:22:18.585506+00:00
256,112-0006,Wichita Falls (TX),2026-01-01,2026-01-28,1589.4,2026-04-03T19:22:18.585506+00:00
257,112-0006,Wichita Falls (TX),2026-01-29,2026-02-25,799.5,2026-04-03T19:22:18.585506+00:00
258,112-0006,Wichita Falls (TX),2026-02-26,2026-03-25,830.23,2026-04-03T19:22:18.585506+00:00
259,112-0006,Wichita Falls (TX),2026-03-26,2026-04-22,769.5,2026-04-03T19:22:18.585506+00:00
260,112-0007,"Gainesville, TX",2022-12-29,2023-01-25,10153.0,2026-04-03T19:22:18.585506+00:00
261,112-0007,"Gainesville, TX",2023-01-26,2023-02-22,4614.5,2026-04-03T19:22:18.585506+00:00
262,112-0007,"Gainesville, TX",2023-02-23,2023-03-22,2639.25,2026-04-03T19:22:18.585506+00:00
263,112-0007,"Gainesville, TX",2023-03-23,2023-04-19,3303.0,2026-04-03T19:22:18.585506+00:00
264,112-0007,"Gainesville, TX",2023-04-20,2023-05-17,1798.6,2026-04-03T19:22:18.585506+00:00
265,112-0007,"Gainesville, TX",2023-05-18,2023-06-14,1966.2,2026-04-03T19:22:18.585506+00:00
266,112-0007,"Gainesville, TX",2023-06-15,2023-07-12,1885.4,2026-04-03T19:22:18.585506+00:00
267,112-0007,"Gainesville, TX",2023-07-13,2023-08-09,2449.25,2026-04-03T19:22:18.585506+00:00
268,112-0007,"Gainesville, TX",2023-08-10,2023-09-06,2154.25,2026-04-03T19:22:18.585506+00:00
269,112-0007,"Gainesville, TX",2023-09-07,2023-10-04,7933.0,2026-04-03T19:22:18.585506+00:00
270,112-0007,"Gainesville, TX",2023-10-05,2023-11-01,4071.0,2026-04-03T19:22:18.585506+00:00
271,112-0007,"Gainesville, TX",2023-11-02,2023-11-29,8461.0,2026-04-03T19:22:18.585506+00:00
272,112-0007,"Gainesville, TX",2023-11-30,2023-12-27,7914.0,2026-04-03T19:22:18.585506+00:00
273,112-0007,"Gainesville, TX",2023-12-28,2024-01-24,1980.25,2026-04-03T19:22:18.585506+00:00
274,112-0007,"Gainesville, TX",2024-01-25,2024-02-21,8178.0,2026-04-03T19:22:18.585506+00:00
275,112-0007,"Gainesville, TX",2024-02-22,2024-03-20,3334.67,2026-04-03T19:22:18.585506+00:00
276,112-0007,"Gainesville, TX",2024-03-21,2024-04-17,9785.0,2026-04-03T19:22:18.585506+00:00
277,112-0007,"Gainesville, TX",2024-04-18,2024-05-15,1898.4,2026-04-03T19:22:18.585506+00:00
278,112-0007,"Gainesville, TX",2024-05-16,2024-06-12,3282.33,2026-04-03T19:22:18.585506+00:00
279,112-0007,"Gainesville, TX",2024-06-13,2024-07-10,2586.75,2026-04-03T19:22:18.585506+00:00
280,112-0007,"Gainesville, TX",2024-07-11,2024-08-07,2484.0,2026-04-03T19:22:18.585506+00:00
281,112-0007,"Gainesville, TX",2024-08-08,2024-09-04,2179.25,2026-04-03T19:22:18.585506+00:00
282,112-0007,"Gainesville, TX",2024-09-05,2024-10-02,4268.5,2026-04-03T19:22:18.585506+00:00
283,112-0007,"Gainesville, TX",2024-10-03,2024-10-30,8201.0,2026-04-03T19:22:18.585506+00:00
284,112-0007,"Gainesville, TX",2024-10-31,2024-11-27,2658.67,2026-04-03T19:22:18.585506+00:00
285,112-0007,"Gainesville, TX",2024-11-28,2024-12-25,2370.0,2026-04-03T19:22:18.585506+00:00
286,112-0007,"Gainesville, TX",2024-12-26,2025-01-22,6835.0,2026-04-03T19:22:18.585506+00:00
287,112-0007,"Gainesville, TX",2025-01-23,2025-02-19,960.14,2026-04-03T19:22:18.585506+00:00
288,112-0007,"Gainesville, TX",2025-02-20,2025-03-19,831.5,2026-04-03T19:22:18.585506+00:00
289,112-0007,"Gainesville, TX",2025-03-20,2025-04-16,547.2,2026-04-03T19:22:18.585506+00:00
290,112-0007,"Gainesville, TX",2025-04-17,2025-05-14,1288.0,2026-04-03T19:22:18.585506+00:00
291,112-0007,"Gainesville, TX",2025-05-15,2025-06-11,606.21,2026-04-03T19:22:18.585506+00:00
292,112-0007,"Gainesville, TX",2025-06-12,2025-07-09,1459.5,2026-04-03T19:22:18.585506+00:00
293,112-0007,"Gainesville, TX",2025-07-10,2025-08-06,451.22,2026-04-03T19:22:18.585506+00:00
294,112-0007,"Gainesville, TX",2025-08-07,2025-09-03,505.79,2026-04-03T19:22:18.585506+00:00
295,112-0007,"Gainesville, TX",2025-09-04,2025-10-01,635.5,2026-04-03T19:22:18.585506+00:00
296,112-0007,"Gainesville, TX",2025-10-02,2025-10-29,710.78,2026-04-03T19:22:18.585506+00:00
297,112-0007,"Gainesville, TX",2025-10-30,2025-11-26,928.57,2026-04-03T19:22:18.585506+00:00
298,112-0007,"Gainesville, TX",2025-11-27,2025-12-31,1046.71,2026-04-03T19:22:18.585506+00:00
299,112-0007,"Gainesville, TX",2026-01-01,2026-01-28,1613.33,2026-04-03T19:22:18.585506+00:00
300,112-0007,"Gainesville, TX",2026-01-29,2026-02-25,1425.5,2026-04-03T19:22:18.585506+00:00
301,112-0007,"Gainesville, TX",2026-02-26,2026-03-25,1012.86,2026-04-03T19:22:18.585506+00:00
302,112-0007,"Gainesville, TX",2026-03-26,2026-04-22,1821.0,2026-04-03T19:22:18.585506+00:00
303,112-0008,"Lufkin, TX",2023-06-15,2023-07-12,794.43,2026-04-03T19:22:18.585506+00:00
304,112-0008,"Lufkin, TX",2023-07-13,2023-08-09,1075.44,2026-04-03T19:22:18.585506+00:00
305,112-0008,"Lufkin, TX",2023-08-10,2023-09-06,2150.8,2026-04-03T19:22:18.585506+00:00
306,112-0008,"Lufkin, TX",2023-09-07,2023-10-04,3088.33,2026-04-03T19:22:18.585506+00:00
307,112-0008,"Lufkin, TX",2023-10-05,2023-11-01,2557.33,2026-04-03T19:22:18.585506+00:00
308,112-0008,"Lufkin, TX",2023-11-02,2023-11-29,2774.4,2026-04-03T19:22:18.585506+00:00
309,112-0008,"Lufkin, TX",2023-11-30,2023-12-27,2672.6,2026-04-03T19:22:18.585506+00:00
310,112-0008,"Lufkin, TX",2023-12-28,2024-01-24,5648.5,2026-04-03T19:22:18.585506+00:00
311,112-0008,"Lufkin, TX",2024-01-25,2024-02-21,3032.5,2026-04-03T19:22:18.585506+00:00
312,112-0008,"Lufkin, TX",2024-02-22,2024-03-20,4355.0,2026-04-03T19:22:18.585506+00:00
313,112-0008,"Lufkin, TX",2024-03-21,2024-04-17,6188.0,2026-04-03T19:22:18.585506+00:00
314,112-0008,"Lufkin, TX",2024-04-18,2024-05-15,2311.8,2026-04-03T19:22:18.585506+00:00
315,112-0008,"Lufkin, TX",2024-05-16,2024-06-12,3974.67,2026-04-03T19:22:18.585506+00:00
316,112-0008,"Lufkin, TX",2024-06-13,2024-07-10,3802.0,2026-04-03T19:22:18.585506+00:00
317,112-0008,"Lufkin, TX",2024-07-11,2024-08-07,1962.83,2026-04-03T19:22:18.585506+00:00
318,112-0008,"Lufkin, TX",2024-08-08,2024-09-04,10726.0,2026-04-03T19:22:18.585506+00:00
319,112-0008,"Lufkin, TX",2024-09-05,2024-10-02,2628.75,2026-04-03T19:22:18.585506+00:00
320,112-0008,"Lufkin, TX",2024-10-03,2024-10-30,9737.0,2026-04-03T19:22:18.585506+00:00
321,112-0008,"Lufkin, TX",2024-10-31,2024-11-27,3572.0,2026-04-03T19:22:18.585506+00:00
322,112-0008,"Lufkin, TX",2024-11-28,2024-12-25,9970.0,2026-04-03T19:22:18.585506+00:00
323,112-0008,"Lufkin, TX",2024-12-26,2025-01-22,9075.0,2026-04-03T19:22:18.585506+00:00
324,112-0008,"Lufkin, TX",2025-01-23,2025-02-19,1292.86,2026-04-03T19:22:18.585506+00:00
325,112-0008,"Lufkin, TX",2025-02-20,2025-03-19,2188.2,2026-04-03T19:22:18.585506+00:00
326,112-0008,"Lufkin, TX",2025-03-20,2025-04-16,2636.75,2026-04-03T19:22:18.585506+00:00
327,112-0008,"Lufkin, TX",2025-04-17,2025-05-14,3438.67,2026-04-03T19:22:18.585506+00:00
328,112-0008,"Lufkin, TX",2025-05-15,2025-06-11,1862.17,2026-04-03T19:22:18.585506+00:00
329,112-0008,"Lufkin, TX",2025-06-12,2025-07-09,2740.25,2026-04-03T19:22:18.585506+00:00
330,112-0008,"Lufkin, TX",2025-07-10,2025-08-06,5437.5,2026-04-03T19:22:18.585506+00:00
331,112-0008,"Lufkin, TX",2025-08-07,2025-09-03,1217.88,2026-04-03T19:22:18.585506+00:00
332,112-0008,"Lufkin, TX",2025-09-04,2025-10-01,807.42,2026-04-03T19:22:18.585506+00:00
333,112-0008,"Lufkin, TX",2025-10-02,2025-10-29,1550.83,2026-04-03T19:22:18.585506+00:00
334,112-0008,"Lufkin, TX",2025-10-30,2025-11-26,9864.0,2026-04-03T19:22:18.585506+00:00
335,112-0008,"Lufkin, TX",2025-11-27,2025-12-31,1407.63,2026-04-03T19:22:18.585506+00:00
336,112-0008,"Lufkin, TX",2026-01-01,2026-01-28,4088.5,2026-04-03T19:22:18.585506+00:00
337,112-0008,"Lufkin, TX",2026-01-29,2026-02-25,1989.4,2026-04-03T19:22:18.585506+00:00
338,112-0008,"Lufkin, TX",2026-02-26,2026-03-25,1567.0,2026-04-03T19:22:18.585506+00:00
339,112-0008,"Lufkin, TX",2026-03-26,2026-04-22,2997.0,2026-04-03T19:22:18.585506+00:00
340,112-0009,Nacogdoches (TX),2023-09-07,2023-10-04,2557.0,2026-04-03T19:22:18.585506+00:00
341,112-0009,Nacogdoches (TX),2023-10-05,2023-11-01,1334.38,2026-04-03T19:22:18.585506+00:00
342,112-0009,Nacogdoches (TX),2023-11-02,2023-11-29,2155.13,2026-04-03T19:22:18.585506+00:00
343,112-0009,Nacogdoches (TX),2023-11-30,2023-12-27,3764.75,2026-04-03T19:22:18.585506+00:00
344,112-0009,Nacogdoches (TX),2023-12-28,2024-01-24,3162.75,2026-04-03T19:22:18.585506+00:00
345,112-0009,Nacogdoches (TX),2024-01-25,2024-02-21,13785.0,2026-04-03T19:22:18.585506+00:00
346,112-0009,Nacogdoches (TX),2024-02-22,2024-03-20,14148.0,2026-04-03T19:22:18.585506+00:00
347,112-0009,Nacogdoches (TX),2024-03-21,2024-04-17,3555.25,2026-04-03T19:22:18.585506+00:00
348,112-0009,Nacogdoches (TX),2024-04-18,2024-05-15,13992.0,2026-04-03T19:22:18.585506+00:00
349,112-0009,Nacogdoches (TX),2024-05-16,2024-06-12,5910.5,2026-04-03T19:22:18.585506+00:00
350,112-0009,Nacogdoches (TX),2024-06-13,2024-07-10,10885.0,2026-04-03T19:22:18.585506+00:00
351,112-0009,Nacogdoches (TX),2024-07-11,2024-08-07,2070.4,2026-04-03T19:22:18.585506+00:00
352,112-0009,Nacogdoches (TX),2024-08-08,2024-09-04,5592.0,2026-04-03T19:22:18.585506+00:00
353,112-0009,Nacogdoches (TX),2024-09-05,2024-10-02,11650.0,2026-04-03T19:22:18.585506+00:00
354,112-0009,Nacogdoches (TX),2024-10-03,2024-10-30,3767.67,2026-04-03T19:22:18.585506+00:00
355,112-0009,Nacogdoches (TX),2024-10-31,2024-11-27,5757.5,2026-04-03T19:22:18.585506+00:00
356,112-0009,Nacogdoches (TX),2024-11-28,2024-12-25,8998.0,2026-04-03T19:22:18.585506+00:00
357,112-0009,Nacogdoches (TX),2024-12-26,2025-01-22,1692.2,2026-04-03T19:22:18.585506+00:00
358,112-0009,Nacogdoches (TX),2025-01-23,2025-02-19,4634.5,2026-04-03T19:22:18.585506+00:00
359,112-0009,Nacogdoches (TX),2025-02-20,2025-03-19,5523.0,2026-04-03T19:22:18.585506+00:00
360,112-0009,Nacogdoches (TX),2025-03-20,2025-04-16,3861.67,2026-04-03T19:22:18.585506+00:00
361,112-0009,Nacogdoches (TX),2025-04-17,2025-05-14,2139.8,2026-04-03T19:22:18.585506+00:00
362,112-0009,Nacogdoches (TX),2025-05-15,2025-06-11,1940.6,2026-04-03T19:22:18.585506+00:00
363,112-0009,Nacogdoches (TX),2025-06-12,2025-07-09,1589.5,2026-04-03T19:22:18.585506+00:00
364,112-0009,Nacogdoches (TX),2025-07-10,2025-08-06,4706.0,2026-04-03T19:22:18.585506+00:00
365,112-0009,Nacogdoches (TX),2025-08-07,2025-09-03,4749.0,2026-04-03T19:22:18.585506+00:00
366,112-0009,Nacogdoches (TX),2025-09-04,2025-10-01,2004.2,2026-04-03T19:22:18.585506+00:00
367,112-0009,Nacogdoches (TX),2025-10-02,2025-10-29,2433.25,2026-04-03T19:22:18.585506+00:00
368,112-0009,Nacogdoches (TX),2025-10-30,2025-11-26,3126.67,2026-04-03T19:22:18.585506+00:00
369,112-0009,Nacogdoches (TX),2025-11-27,2025-12-31,5104.5,2026-04-03T19:22:18.585506+00:00
370,112-0009,Nacogdoches (TX),2026-01-01,2026-01-28,1347.33,2026-04-03T19:22:18.585506+00:00
371,112-0009,Nacogdoches (TX),2026-01-29,2026-02-25,9536.0,2026-04-03T19:22:18.585506+00:00
372,112-0009,Nacogdoches (TX),2026-02-26,2026-03-25,3283.67,2026-04-03T19:22:18.585506+00:00
373,112-0009,Nacogdoches (TX),2026-03-26,2026-04-22,2792.0,2026-04-03T19:22:18.585506+00:00
374,112-0010,Little Elm (TX),2024-04-18,2024-05-15,1434.0,2026-04-03T19:22:18.585506+00:00
375,112-0010,Little Elm (TX),2024-05-16,2024-06-12,755.55,2026-04-03T19:22:18.585506+00:00
376,112-0010,Little Elm (TX),2024-06-13,2024-07-10,595.85,2026-04-03T19:22:18.585506+00:00
377,112-0010,Little Elm (TX),2024-07-11,2024-08-07,1039.18,2026-04-03T19:22:18.585506+00:00
378,112-0010,Little Elm (TX),2024-08-08,2024-09-04,947.18,2026-04-03T19:22:18.585506+00:00
379,112-0010,Little Elm (TX),2024-09-05,2024-10-02,1946.6,2026-04-03T19:22:18.585506+00:00
380,112-0010,Little Elm (TX),2024-10-03,2024-10-30,3040.67,2026-04-03T19:22:18.585506+00:00
381,112-0010,Little Elm (TX),2024-10-31,2024-11-27,2861.33,2026-04-03T19:22:18.585506+00:00
382,112-0010,Little Elm (TX),2024-11-28,2024-12-25,1245.67,2026-04-03T19:22:18.585506+00:00
383,112-0010,Little Elm (TX),2024-12-26,2025-01-22,721.6,2026-04-03T19:22:18.585506+00:00
384,112-0010,Little Elm (TX),2025-01-23,2025-02-19,570.31,2026-04-03T19:22:18.585506+00:00
385,112-0010,Little Elm (TX),2025-02-20,2025-03-19,385.62,2026-04-03T19:22:18.585506+00:00
386,112-0010,Little Elm (TX),2025-03-20,2025-04-16,629.29,2026-04-03T19:22:18.585506+00:00
387,112-0010,Little Elm (TX),2025-04-17,2025-05-14,1387.17,2026-04-03T19:22:18.585506+00:00
388,112-0010,Little Elm (TX),2025-05-15,2025-06-11,449.82,2026-04-03T19:22:18.585506+00:00
389,112-0010,Little Elm (TX),2025-06-12,2025-07-09,591.08,2026-04-03T19:22:18.585506+00:00
390,112-0010,Little Elm (TX),2025-07-10,2025-08-06,242.44,2026-04-03T19:22:18.585506+00:00
391,112-0010,Little Elm (TX),2025-08-07,2025-09-03,138.83,2026-04-03T19:22:18.585506+00:00
392,112-0010,Little Elm (TX),2025-09-04,2025-10-01,287.18,2026-04-03T19:22:18.585506+00:00
393,112-0010,Little Elm (TX),2025-10-02,2025-10-29,557.82,2026-04-03T19:22:18.585506+00:00
394,112-0010,Little Elm (TX),2025-10-30,2025-11-26,244.68,2026-04-03T19:22:18.585506+00:00
395,112-0010,Little Elm (TX),2025-11-27,2025-12-31,377.89,2026-04-03T19:22:18.585506+00:00
396,112-0010,Little Elm (TX),2026-01-01,2026-01-28,672.22,2026-04-03T19:22:18.585506+00:00
397,112-0010,Little Elm (TX),2026-01-29,2026-02-25,475.13,2026-04-03T19:22:18.585506+00:00
398,112-0010,Little Elm (TX),2026-02-26,2026-03-25,651.83,2026-04-03T19:22:18.585506+00:00
399,112-0010,Little Elm (TX),2026-03-26,2026-04-22,311.14,2026-04-03T19:22:18.585506+00:00
400,112-0011,Princeton (TX),2024-01-25,2024-02-21,384.23,2026-04-03T19:22:18.585506+00:00
401,112-0011,Princeton (TX),2024-02-22,2024-03-20,481.54,2026-04-03T19:22:18.585506+00:00
402,112-0011,Princeton (TX),2024-03-21,2024-04-17,729.95,2026-04-03T19:22:18.585506+00:00
403,112-0011,Princeton (TX),2024-04-18,2024-05-15,1577.75,2026-04-03T19:22:18.585506+00:00
404,112-0011,Princeton (TX),2024-05-16,2024-06-12,4065.67,2026-04-03T19:22:18.585506+00:00
405,112-0011,Princeton (TX),2024-06-13,2024-07-10,2750.75,2026-04-03T19:22:18.585506+00:00
406,112-0011,Princeton (TX),2024-07-11,2024-08-07,1141.22,2026-04-03T19:22:18.585506+00:00
407,112-0011,Princeton (TX),2024-08-08,2024-09-04,1197.13,2026-04-03T19:22:18.585506+00:00
408,112-0011,Princeton (TX),2024-09-05,2024-10-02,1404.57,2026-04-03T19:22:18.585506+00:00
409,112-0011,Princeton (TX),2024-10-03,2024-10-30,2417.5,2026-04-03T19:22:18.585506+00:00
410,112-0011,Princeton (TX),2024-10-31,2024-11-27,3183.0,2026-04-03T19:22:18.585506+00:00
411,112-0011,Princeton (TX),2024-11-28,2024-12-25,4136.0,2026-04-03T19:22:18.585506+00:00
412,112-0011,Princeton (TX),2024-12-26,2025-01-22,4056.0,2026-04-03T19:22:18.585506+00:00
413,112-0011,Princeton (TX),2025-01-23,2025-02-19,1003.44,2026-04-03T19:22:18.585506+00:00
414,112-0011,Princeton (TX),2025-02-20,2025-03-19,1173.33,2026-04-03T19:22:18.585506+00:00
415,112-0011,Princeton (TX),2025-03-20,2025-04-16,792.08,2026-04-03T19:22:18.585506+00:00
416,112-0011,Princeton (TX),2025-04-17,2025-05-14,699.53,2026-04-03T19:22:18.585506+00:00
417,112-0011,Princeton (TX),2025-05-15,2025-06-11,1331.88,2026-04-03T19:22:18.585506+00:00
418,112-0011,Princeton (TX),2025-06-12,2025-07-09,1104.78,2026-04-03T19:22:18.585506+00:00
419,112-0011,Princeton (TX),2025-07-10,2025-08-06,1932.0,2026-04-03T19:22:18.585506+00:00
420,112-0011,Princeton (TX),2025-08-07,2025-09-03,935.0,2026-04-03T19:22:18.585506+00:00
421,112-0011,Princeton (TX),2025-09-04,2025-10-01,1320.29,2026-04-03T19:22:18.585506+00:00
422,112-0011,Princeton (TX),2025-10-02,2025-10-29,1649.0,2026-04-03T19:22:18.585506+00:00
423,112-0011,Princeton (TX),2025-10-30,2025-11-26,3883.0,2026-04-03T19:22:18.585506+00:00
424,112-0011,Princeton (TX),2025-11-27,2025-12-31,1232.86,2026-04-03T19:22:18.585506+00:00
425,112-0011,Princeton (TX),2026-01-01,2026-01-28,1294.2,2026-04-03T19:22:18.585506+00:00
426,112-0011,Princeton (TX),2026-01-29,2026-02-25,591.92,2026-04-03T19:22:18.585506+00:00
427,112-0011,Princeton (TX),2026-02-26,2026-03-25,782.0,2026-04-03T19:22:18.585506+00:00
428,112-0011,Princeton (TX),2026-03-26,2026-04-22,594.5,2026-04-03T19:22:18.585506+00:00
429,112-0012,Amelia (OH),2022-12-29,2023-01-25,10803.0,2026-04-03T19:22:18.585506+00:00
430,112-0012,Amelia (OH),2023-01-26,2023-02-22,6012.0,2026-04-03T19:22:18.585506+00:00
431,112-0012,Amelia (OH),2023-02-23,2023-03-22,4266.67,2026-04-03T19:22:18.585506+00:00
432,112-0012,Amelia (OH),2023-03-23,2023-04-19,6547.0,2026-04-03T19:22:18.585506+00:00
433,112-0012,Amelia (OH),2023-04-20,2023-05-17,4373.0,2026-04-03T19:22:18.585506+00:00
434,112-0012,Amelia (OH),2023-05-18,2023-06-14,1891.71,2026-04-03T19:22:18.585506+00:00
435,112-0012,Amelia (OH),2023-06-15,2023-07-12,12354.0,2026-04-03T19:22:18.585506+00:00
436,112-0012,Amelia (OH),2023-07-13,2023-08-09,6202.0,2026-04-03T19:22:18.585506+00:00
437,112-0012,Amelia (OH),2023-08-10,2023-09-06,11974.0,2026-04-03T19:22:18.585506+00:00
438,112-0012,Amelia (OH),2023-09-07,2023-10-04,5808.5,2026-04-03T19:22:18.585506+00:00
439,112-0012,Amelia (OH),2023-10-05,2023-11-01,11209.0,2026-04-03T19:22:18.585506+00:00
440,112-0012,Amelia (OH),2023-11-02,2023-11-29,11057.0,2026-04-03T19:22:18.585506+00:00
441,112-0012,Amelia (OH),2023-11-30,2023-12-27,11083.0,2026-04-03T19:22:18.585506+00:00
442,112-0012,Amelia (OH),2023-12-28,2024-01-24,3264.67,2026-04-03T19:22:18.585506+00:00
443,112-0012,Amelia (OH),2024-01-25,2024-02-21,3730.0,2026-04-03T19:22:18.585506+00:00
444,112-0012,Amelia (OH),2024-02-22,2024-03-20,3046.5,2026-04-03T19:22:18.585506+00:00
445,112-0012,Amelia (OH),2024-03-21,2024-04-17,2041.33,2026-04-03T19:22:18.585506+00:00
446,112-0012,Amelia (OH),2024-04-18,2024-05-15,2095.0,2026-04-03T19:22:18.585506+00:00
447,112-0012,Amelia (OH),2024-05-16,2024-06-12,797.14,2026-04-03T19:22:18.585506+00:00
448,112-0012,Amelia (OH),2024-06-13,2024-07-10,963.25,2026-04-03T19:22:18.585506+00:00
449,112-0012,Amelia (OH),2024-07-11,2024-08-07,1336.38,2026-04-03T19:22:18.585506+00:00
450,112-0012,Amelia (OH),2024-08-08,2024-09-04,898.55,2026-04-03T19:22:18.585506+00:00
451,112-0012,Amelia (OH),2024-09-05,2024-10-02,681.14,2026-04-03T19:22:18.585506+00:00
452,112-0012,Amelia (OH),2024-10-03,2024-10-30,1821.0,2026-04-03T19:22:18.585506+00:00
453,112-0012,Amelia (OH),2024-10-31,2024-11-27,744.83,2026-04-03T19:22:18.585506+00:00
454,112-0012,Amelia (OH),2024-11-28,2024-12-25,511.5,2026-04-03T19:22:18.585506+00:00
455,112-0012,Amelia (OH),2024-12-26,2025-01-22,349.36,2026-04-03T19:22:18.585506+00:00
456,112-0012,Amelia (OH),2025-01-23,2025-02-19,683.83,2026-04-03T19:22:18.585506+00:00
457,112-0012,Amelia (OH),2025-02-20,2025-03-19,563.29,2026-04-03T19:22:18.585506+00:00
458,112-0012,Amelia (OH),2025-03-20,2025-04-16,832.17,2026-04-03T19:22:18.585506+00:00
459,112-0012,Amelia (OH),2025-04-17,2025-05-14,1464.71,2026-04-03T19:22:18.585506+00:00
460,112-0012,Amelia (OH),2025-05-15,2025-06-11,1812.5,2026-04-03T19:22:18.585506+00:00
461,112-0012,Amelia (OH),2025-06-12,2025-07-09,720.71,2026-04-03T19:22:18.585506+00:00
462,112-0012,Amelia (OH),2025-07-10,2025-08-06,1144.63,2026-04-03T19:22:18.585506+00:00
463,112-0012,Amelia (OH),2025-08-07,2025-09-03,582.6,2026-04-03T19:22:18.585506+00:00
464,112-0012,Amelia (OH),2025-09-04,2025-10-01,539.47,2026-04-03T19:22:18.585506+00:00
465,112-0012,Amelia (OH),2025-10-02,2025-10-29,594.85,2026-04-03T19:22:18.585506+00:00
466,112-0012,Amelia (OH),2025-10-30,2025-11-26,769.7,2026-04-03T19:22:18.585506+00:00
467,112-0012,Amelia (OH),2025-11-27,2025-12-31,842.4,2026-04-03T19:22:18.585506+00:00
468,112-0012,Amelia (OH),2026-01-01,2026-01-28,1388.2,2026-04-03T19:22:18.585506+00:00
469,112-0012,Amelia (OH),2026-01-29,2026-02-25,419.72,2026-04-03T19:22:18.585506+00:00
470,112-0012,Amelia (OH),2026-02-26,2026-03-25,736.75,2026-04-03T19:22:18.585506+00:00
471,112-0012,Amelia (OH),2026-03-26,2026-04-22,1193.0,2026-04-03T19:22:18.585506+00:00
472,112-0013,Milford (OH),2022-12-29,2023-01-25,3319.33,2026-04-03T19:22:18.585506+00:00
473,112-0013,Milford (OH),2023-01-26,2023-02-22,1793.5,2026-04-03T19:22:18.585506+00:00
474,112-0013,Milford (OH),2023-02-23,2023-03-22,1898.17,2026-04-03T19:22:18.585506+00:00
475,112-0013,Milford (OH),2023-03-23,2023-04-19,2806.0,2026-04-03T19:22:18.585506+00:00
476,112-0013,Milford (OH),2023-04-20,2023-05-17,1377.0,2026-04-03T19:22:18.585506+00:00
477,112-0013,Milford (OH),2023-05-18,2023-06-14,1868.33,2026-04-03T19:22:18.585506+00:00
478,112-0013,Milford (OH),2023-06-15,2023-07-12,1704.5,2026-04-03T19:22:18.585506+00:00
479,112-0013,Milford (OH),2023-07-13,2023-08-09,3703.67,2026-04-03T19:22:18.585506+00:00
480,112-0013,Milford (OH),2023-08-10,2023-09-06,5135.5,2026-04-03T19:22:18.585506+00:00
481,112-0013,Milford (OH),2023-09-07,2023-10-04,10538.0,2026-04-03T19:22:18.585506+00:00
482,112-0013,Milford (OH),2023-10-05,2023-11-01,2039.0,2026-04-03T19:22:18.585506+00:00
483,112-0013,Milford (OH),2023-11-02,2023-11-29,4979.5,2026-04-03T19:22:18.585506+00:00
484,112-0013,Milford (OH),2023-11-30,2023-12-27,3249.0,2026-04-03T19:22:18.585506+00:00
485,112-0013,Milford (OH),2023-12-28,2024-01-24,9049.0,2026-04-03T19:22:18.585506+00:00
486,112-0013,Milford (OH),2024-01-25,2024-02-21,2046.2,2026-04-03T19:22:18.585506+00:00
487,112-0013,Milford (OH),2024-02-22,2024-03-20,3581.67,2026-04-03T19:22:18.585506+00:00
488,112-0013,Milford (OH),2024-03-21,2024-04-17,5726.0,2026-04-03T19:22:18.585506+00:00
489,112-0013,Milford (OH),2024-04-18,2024-05-15,2827.5,2026-04-03T19:22:18.585506+00:00
490,112-0013,Milford (OH),2024-05-16,2024-06-12,3790.33,2026-04-03T19:22:18.585506+00:00
491,112-0013,Milford (OH),2024-06-13,2024-07-10,2630.0,2026-04-03T19:22:18.585506+00:00
492,112-0013,Milford (OH),2024-07-11,2024-08-07,1965.67,2026-04-03T19:22:18.585506+00:00
493,112-0013,Milford (OH),2024-08-08,2024-09-04,9999.0,2026-04-03T19:22:18.585506+00:00
494,112-0013,Milford (OH),2024-09-05,2024-10-02,4928.5,2026-04-03T19:22:18.585506+00:00
495,112-0013,Milford (OH),2024-10-03,2024-10-30,1934.0,2026-04-03T19:22:18.585506+00:00
496,112-0013,Milford (OH),2024-10-31,2024-11-27,9549.0,2026-04-03T19:22:18.585506+00:00
497,112-0013,Milford (OH),2024-11-28,2024-12-25,1485.67,2026-04-03T19:22:18.585506+00:00
498,112-0013,Milford (OH),2024-12-26,2025-01-22,2945.0,2026-04-03T19:22:18.585506+00:00
499,112-0013,Milford (OH),2025-01-23,2025-02-19,1487.67,2026-04-03T19:22:18.585506+00:00
500,112-0013,Milford (OH),2025-02-20,2025-03-19,1131.33,2026-04-03T19:22:18.585506+00:00
501,112-0013,Milford (OH),2025-03-20,2025-04-16,1324.5,2026-04-03T19:22:18.585506+00:00
502,112-0013,Milford (OH),2025-04-17,2025-05-14,439.41,2026-04-03T19:22:18.916361+00:00
503,112-0013,Milford (OH),2025-05-15,2025-06-11,690.64,2026-04-03T19:22:18.916361+00:00
504,112-0013,Milford (OH),2025-06-12,2025-07-09,1198.88,2026-04-03T19:22:18.916361+00:00
505,112-0013,Milford (OH),2025-07-10,2025-08-06,969.9,2026-04-03T19:22:18.916361+00:00
506,112-0013,Milford (OH),2025-08-07,2025-09-03,509.0,2026-04-03T19:22:18.916361+00:00
507,112-0013,Milford (OH),2025-09-04,2025-10-01,1168.0,2026-04-03T19:22:18.916361+00:00
508,112-0013,Milford (OH),2025-10-02,2025-10-29,852.5,2026-04-03T19:22:18.916361+00:00
509,112-0013,Milford (OH),2025-10-30,2025-11-26,1763.2,2026-04-03T19:22:18.916361+00:00
510,112-0013,Milford (OH),2025-11-27,2025-12-31,1493.83,2026-04-03T19:22:18.916361+00:00
511,112-0013,Milford (OH),2026-01-01,2026-01-28,1511.4,2026-04-03T19:22:18.916361+00:00
512,112-0013,Milford (OH),2026-01-29,2026-02-25,1704.2,2026-04-03T19:22:18.916361+00:00
513,112-0013,Milford (OH),2026-02-26,2026-03-25,735.5,2026-04-03T19:22:18.916361+00:00
514,112-0013,Milford (OH),2026-03-26,2026-04-22,873.0,2026-04-03T19:22:18.916361+00:00
515,112-0014,Cincinnati - Winton Rd (OH),2022-12-29,2023-01-25,1615.0,2026-04-03T19:22:18.916361+00:00
516,112-0014,Cincinnati - Winton Rd (OH),2023-01-26,2023-02-22,11447.0,2026-04-03T19:22:18.916361+00:00
517,112-0014,Cincinnati - Winton Rd (OH),2023-02-23,2023-03-22,3188.5,2026-04-03T19:22:18.916361+00:00
518,112-0014,Cincinnati - Winton Rd (OH),2023-03-23,2023-04-19,1365.56,2026-04-03T19:22:18.916361+00:00
519,112-0014,Cincinnati - Winton Rd (OH),2023-04-20,2023-05-17,3159.5,2026-04-03T19:22:18.916361+00:00
520,112-0014,Cincinnati - Winton Rd (OH),2023-05-18,2023-06-14,1162.18,2026-04-03T19:22:18.916361+00:00
521,112-0014,Cincinnati - Winton Rd (OH),2023-06-15,2023-07-12,1289.67,2026-04-03T19:22:18.916361+00:00
522,112-0014,Cincinnati - Winton Rd (OH),2023-07-13,2023-08-09,1620.86,2026-04-03T19:22:18.916361+00:00
523,112-0014,Cincinnati - Winton Rd (OH),2023-08-10,2023-09-06,661.19,2026-04-03T19:22:18.916361+00:00
524,112-0014,Cincinnati - Winton Rd (OH),2023-09-07,2023-10-04,1124.11,2026-04-03T19:22:18.916361+00:00
525,112-0014,Cincinnati - Winton Rd (OH),2023-10-05,2023-11-01,933.3,2026-04-03T19:22:18.916361+00:00
526,112-0014,Cincinnati - Winton Rd (OH),2023-11-02,2023-11-29,758.75,2026-04-03T19:22:18.916361+00:00
527,112-0014,Cincinnati - Winton Rd (OH),2023-11-30,2023-12-27,762.64,2026-04-03T19:22:18.916361+00:00
528,112-0014,Cincinnati - Winton Rd (OH),2023-12-28,2024-01-24,619.69,2026-04-03T19:22:18.916361+00:00
529,112-0014,Cincinnati - Winton Rd (OH),2024-01-25,2024-02-21,1854.4,2026-04-03T19:22:18.916361+00:00
530,112-0014,Cincinnati - Winton Rd (OH),2024-02-22,2024-03-20,865.1,2026-04-03T19:22:18.916361+00:00
531,112-0014,Cincinnati - Winton Rd (OH),2024-03-21,2024-04-17,1050.75,2026-04-03T19:22:18.916361+00:00
532,112-0014,Cincinnati - Winton Rd (OH),2024-04-18,2024-05-15,3008.33,2026-04-03T19:22:18.916361+00:00
533,112-0014,Cincinnati - Winton Rd (OH),2024-05-16,2024-06-12,1856.2,2026-04-03T19:22:18.916361+00:00
534,112-0014,Cincinnati - Winton Rd (OH),2024-06-13,2024-07-10,820.25,2026-04-03T19:22:18.916361+00:00
535,112-0014,Cincinnati - Winton Rd (OH),2024-07-11,2024-08-07,2251.25,2026-04-03T19:22:18.916361+00:00
536,112-0014,Cincinnati - Winton Rd (OH),2024-08-08,2024-09-04,552.0,2026-04-03T19:22:18.916361+00:00
537,112-0014,Cincinnati - Winton Rd (OH),2024-09-05,2024-10-02,288.6,2026-04-03T19:22:18.916361+00:00
538,112-0014,Cincinnati - Winton Rd (OH),2024-10-03,2024-10-30,733.78,2026-04-03T19:22:18.916361+00:00
539,112-0014,Cincinnati - Winton Rd (OH),2024-10-31,2024-11-27,639.8,2026-04-03T19:22:18.916361+00:00
540,112-0014,Cincinnati - Winton Rd (OH),2024-11-28,2024-12-25,570.6,2026-04-03T19:22:18.916361+00:00
541,112-0014,Cincinnati - Winton Rd (OH),2024-12-26,2025-01-22,449.58,2026-04-03T19:22:18.916361+00:00
542,112-0014,Cincinnati - Winton Rd (OH),2025-01-23,2025-02-19,763.88,2026-04-03T19:22:18.916361+00:00
543,112-0014,Cincinnati - Winton Rd (OH),2025-02-20,2025-03-19,403.79,2026-04-03T19:22:18.916361+00:00
544,112-0014,Cincinnati - Winton Rd (OH),2025-03-20,2025-04-16,416.56,2026-04-03T19:22:18.916361+00:00
545,112-0014,Cincinnati - Winton Rd (OH),2025-04-17,2025-05-14,288.4,2026-04-03T19:22:18.916361+00:00
546,112-0014,Cincinnati - Winton Rd (OH),2025-05-15,2025-06-11,745.7,2026-04-03T19:22:18.916361+00:00
547,112-0014,Cincinnati - Winton Rd (OH),2025-06-12,2025-07-09,465.73,2026-04-03T19:22:18.916361+00:00
548,112-0014,Cincinnati - Winton Rd (OH),2025-07-10,2025-08-06,506.43,2026-04-03T19:22:18.916361+00:00
549,112-0014,Cincinnati - Winton Rd (OH),2025-08-07,2025-09-03,286.0,2026-04-03T19:22:18.916361+00:00
550,112-0014,Cincinnati - Winton Rd (OH),2025-09-04,2025-10-01,353.53,2026-04-03T19:22:18.916361+00:00
551,112-0014,Cincinnati - Winton Rd (OH),2025-10-02,2025-10-29,323.33,2026-04-03T19:22:18.916361+00:00
552,112-0014,Cincinnati - Winton Rd (OH),2025-10-30,2025-11-26,661.78,2026-04-03T19:22:18.916361+00:00
553,112-0014,Cincinnati - Winton Rd (OH),2025-11-27,2025-12-31,1265.8,2026-04-03T19:22:18.916361+00:00
554,112-0014,Cincinnati - Winton Rd (OH),2026-01-01,2026-01-28,1812.33,2026-04-03T19:22:18.916361+00:00
555,112-0014,Cincinnati - Winton Rd (OH),2026-01-29,2026-02-25,1100.0,2026-04-03T19:22:18.916361+00:00
556,112-0014,Cincinnati - Winton Rd (OH),2026-02-26,2026-03-25,378.75,2026-04-03T19:22:18.916361+00:00
557,112-0014,Cincinnati - Winton Rd (OH),2026-03-26,2026-04-22,2155.0,2026-04-03T19:22:18.916361+00:00
558,112-0015,Centerville (OH),2022-12-29,2023-01-25,2142.63,2026-04-03T19:22:18.916361+00:00
559,112-0015,Centerville (OH),2023-01-26,2023-02-22,4510.25,2026-04-03T19:22:18.916361+00:00
560,112-0015,Centerville (OH),2023-02-23,2023-03-22,2663.57,2026-04-03T19:22:18.916361+00:00
561,112-0015,Centerville (OH),2023-03-23,2023-04-19,9609.5,2026-04-03T19:22:18.916361+00:00
562,112-0015,Centerville (OH),2023-04-20,2023-05-17,2220.56,2026-04-03T19:22:18.916361+00:00
563,112-0015,Centerville (OH),2023-05-18,2023-06-14,1253.38,2026-04-03T19:22:18.916361+00:00
564,112-0015,Centerville (OH),2023-06-15,2023-07-12,2819.0,2026-04-03T19:22:18.916361+00:00
565,112-0015,Centerville (OH),2023-07-13,2023-08-09,2540.25,2026-04-03T19:22:18.916361+00:00
566,112-0015,Centerville (OH),2023-08-10,2023-09-06,1364.4,2026-04-03T19:22:18.916361+00:00
567,112-0015,Centerville (OH),2023-09-07,2023-10-04,6342.33,2026-04-03T19:22:18.916361+00:00
568,112-0015,Centerville (OH),2023-10-05,2023-11-01,3066.0,2026-04-03T19:22:18.916361+00:00
569,112-0015,Centerville (OH),2023-11-02,2023-11-29,8851.0,2026-04-03T19:22:18.916361+00:00
570,112-0015,Centerville (OH),2023-11-30,2023-12-27,2506.14,2026-04-03T19:22:18.916361+00:00
571,112-0015,Centerville (OH),2023-12-28,2024-01-24,1901.13,2026-04-03T19:22:18.916361+00:00
572,112-0015,Centerville (OH),2024-01-25,2024-02-21,2378.71,2026-04-03T19:22:18.916361+00:00
573,112-0015,Centerville (OH),2024-02-22,2024-03-20,1455.25,2026-04-03T19:22:18.916361+00:00
574,112-0015,Centerville (OH),2024-03-21,2024-04-17,1268.86,2026-04-03T19:22:18.916361+00:00
575,112-0015,Centerville (OH),2024-04-18,2024-05-15,1631.64,2026-04-03T19:22:18.916361+00:00
576,112-0015,Centerville (OH),2024-05-16,2024-06-12,3089.5,2026-04-03T19:22:18.916361+00:00
577,112-0015,Centerville (OH),2024-06-13,2024-07-10,2015.33,2026-04-03T19:22:18.916361+00:00
578,112-0015,Centerville (OH),2024-07-11,2024-08-07,1442.17,2026-04-03T19:22:18.916361+00:00
579,112-0015,Centerville (OH),2024-08-08,2024-09-04,1374.33,2026-04-03T19:22:18.916361+00:00
580,112-0015,Centerville (OH),2024-09-05,2024-10-02,1560.45,2026-04-03T19:22:18.916361+00:00
581,112-0015,Centerville (OH),2024-10-03,2024-10-30,3712.25,2026-04-03T19:22:18.916361+00:00
582,112-0015,Centerville (OH),2024-10-31,2024-11-27,2062.71,2026-04-03T19:22:18.916361+00:00
583,112-0015,Centerville (OH),2024-11-28,2024-12-25,1463.0,2026-04-03T19:22:18.916361+00:00
584,112-0015,Centerville (OH),2024-12-26,2025-01-22,1499.56,2026-04-03T19:22:18.916361+00:00
585,112-0015,Centerville (OH),2025-01-23,2025-02-19,1418.0,2026-04-03T19:22:18.916361+00:00
586,112-0015,Centerville (OH),2025-02-20,2025-03-19,866.67,2026-04-03T19:22:18.916361+00:00
587,112-0015,Centerville (OH),2025-03-20,2025-04-16,1059.8,2026-04-03T19:22:18.916361+00:00
588,112-0015,Centerville (OH),2025-04-17,2025-05-14,701.26,2026-04-03T19:22:18.916361+00:00
589,112-0015,Centerville (OH),2025-05-15,2025-06-11,385.45,2026-04-03T19:22:18.916361+00:00
590,112-0015,Centerville (OH),2025-06-12,2025-07-09,890.65,2026-04-03T19:22:18.916361+00:00
591,112-0015,Centerville (OH),2025-07-10,2025-08-06,762.74,2026-04-03T19:22:18.916361+00:00
592,112-0015,Centerville (OH),2025-08-07,2025-09-03,574.38,2026-04-03T19:22:18.916361+00:00
593,112-0015,Centerville (OH),2025-09-04,2025-10-01,802.88,2026-04-03T19:22:18.916361+00:00
594,112-0015,Centerville (OH),2025-10-02,2025-10-29,2140.5,2026-04-03T19:22:18.916361+00:00
595,112-0015,Centerville (OH),2025-10-30,2025-11-26,1325.5,2026-04-03T19:22:18.916361+00:00
596,112-0015,Centerville (OH),2025-11-27,2025-12-31,901.29,2026-04-03T19:22:18.916361+00:00
597,112-0015,Centerville (OH),2026-01-01,2026-01-28,1005.83,2026-04-03T19:22:18.916361+00:00
598,112-0015,Centerville (OH),2026-01-29,2026-02-25,2021.71,2026-04-03T19:22:18.916361+00:00
599,112-0015,Centerville (OH),2026-02-26,2026-03-25,853.67,2026-04-03T19:22:18.916361+00:00
600,112-0015,Centerville (OH),2026-03-26,2026-04-22,1140.5,2026-04-03T19:22:18.916361+00:00
601,112-0016,Cincinnati - Red Bank Rd (OH),2022-12-29,2023-01-25,794.54,2026-04-03T19:22:18.916361+00:00
602,112-0016,Cincinnati - Red Bank Rd (OH),2023-01-26,2023-02-22,1330.88,2026-04-03T19:22:18.916361+00:00
603,112-0016,Cincinnati - Red Bank Rd (OH),2023-02-23,2023-03-22,1108.1,2026-04-03T19:22:18.916361+00:00
604,112-0016,Cincinnati - Red Bank Rd (OH),2023-03-23,2023-04-19,2719.75,2026-04-03T19:22:18.916361+00:00
605,112-0016,Cincinnati - Red Bank Rd (OH),2023-04-20,2023-05-17,764.53,2026-04-03T19:22:18.916361+00:00
606,112-0016,Cincinnati - Red Bank Rd (OH),2023-05-18,2023-06-14,624.94,2026-04-03T19:22:18.916361+00:00
607,112-0016,Cincinnati - Red Bank Rd (OH),2023-06-15,2023-07-12,2739.5,2026-04-03T19:22:18.916361+00:00
608,112-0016,Cincinnati - Red Bank Rd (OH),2023-07-13,2023-08-09,1442.75,2026-04-03T19:22:18.916361+00:00
609,112-0016,Cincinnati - Red Bank Rd (OH),2023-08-10,2023-09-06,1503.14,2026-04-03T19:22:18.916361+00:00
610,112-0016,Cincinnati - Red Bank Rd (OH),2023-09-07,2023-10-04,1915.8,2026-04-03T19:22:18.916361+00:00
611,112-0016,Cincinnati - Red Bank Rd (OH),2023-10-05,2023-11-01,1657.6,2026-04-03T19:22:18.916361+00:00
612,112-0016,Cincinnati - Red Bank Rd (OH),2023-11-02,2023-11-29,648.31,2026-04-03T19:22:18.916361+00:00
613,112-0016,Cincinnati - Red Bank Rd (OH),2023-11-30,2023-12-27,2330.75,2026-04-03T19:22:18.916361+00:00
614,112-0016,Cincinnati - Red Bank Rd (OH),2023-12-28,2024-01-24,1154.86,2026-04-03T19:22:18.916361+00:00
615,112-0016,Cincinnati - Red Bank Rd (OH),2024-01-25,2024-02-21,2987.33,2026-04-03T19:22:18.916361+00:00
616,112-0016,Cincinnati - Red Bank Rd (OH),2024-02-22,2024-03-20,1529.5,2026-04-03T19:22:18.916361+00:00
617,112-0016,Cincinnati - Red Bank Rd (OH),2024-03-21,2024-04-17,1087.44,2026-04-03T19:22:18.916361+00:00
618,112-0016,Cincinnati - Red Bank Rd (OH),2024-04-18,2024-05-15,834.33,2026-04-03T19:22:18.916361+00:00
619,112-0016,Cincinnati - Red Bank Rd (OH),2024-05-16,2024-06-12,702.43,2026-04-03T19:22:18.916361+00:00
620,112-0016,Cincinnati - Red Bank Rd (OH),2024-06-13,2024-07-10,621.07,2026-04-03T19:22:18.916361+00:00
621,112-0016,Cincinnati - Red Bank Rd (OH),2024-07-11,2024-08-07,646.23,2026-04-03T19:22:18.916361+00:00
622,112-0016,Cincinnati - Red Bank Rd (OH),2024-08-08,2024-09-04,1201.71,2026-04-03T19:22:18.916361+00:00
623,112-0016,Cincinnati - Red Bank Rd (OH),2024-09-05,2024-10-02,590.64,2026-04-03T19:22:18.916361+00:00
624,112-0016,Cincinnati - Red Bank Rd (OH),2024-10-03,2024-10-30,1002.63,2026-04-03T19:22:18.916361+00:00
625,112-0016,Cincinnati - Red Bank Rd (OH),2024-10-31,2024-11-27,3875.5,2026-04-03T19:22:18.916361+00:00
626,112-0016,Cincinnati - Red Bank Rd (OH),2024-11-28,2024-12-25,3645.0,2026-04-03T19:22:18.916361+00:00
627,112-0016,Cincinnati - Red Bank Rd (OH),2024-12-26,2025-01-22,546.75,2026-04-03T19:22:18.916361+00:00
628,112-0016,Cincinnati - Red Bank Rd (OH),2025-01-23,2025-02-19,919.88,2026-04-03T19:22:18.916361+00:00
629,112-0016,Cincinnati - Red Bank Rd (OH),2025-02-20,2025-03-19,300.48,2026-04-03T19:22:18.916361+00:00
630,112-0016,Cincinnati - Red Bank Rd (OH),2025-03-20,2025-04-16,983.89,2026-04-03T19:22:18.916361+00:00
631,112-0016,Cincinnati - Red Bank Rd (OH),2025-04-17,2025-05-14,613.86,2026-04-03T19:22:18.916361+00:00
632,112-0016,Cincinnati - Red Bank Rd (OH),2025-05-15,2025-06-11,530.81,2026-04-03T19:22:18.916361+00:00
633,112-0016,Cincinnati - Red Bank Rd (OH),2025-06-12,2025-07-09,387.68,2026-04-03T19:22:18.916361+00:00
634,112-0016,Cincinnati - Red Bank Rd (OH),2025-07-10,2025-08-06,357.91,2026-04-03T19:22:18.916361+00:00
635,112-0016,Cincinnati - Red Bank Rd (OH),2025-08-07,2025-09-03,219.58,2026-04-03T19:22:18.916361+00:00
636,112-0016,Cincinnati - Red Bank Rd (OH),2025-09-04,2025-10-01,157.05,2026-04-03T19:22:18.916361+00:00
637,112-0016,Cincinnati - Red Bank Rd (OH),2025-10-02,2025-10-29,513.54,2026-04-03T19:22:18.916361+00:00
638,112-0016,Cincinnati - Red Bank Rd (OH),2025-10-30,2025-11-26,700.44,2026-04-03T19:22:18.916361+00:00
639,112-0016,Cincinnati - Red Bank Rd (OH),2025-11-27,2025-12-31,1454.4,2026-04-03T19:22:18.916361+00:00
640,112-0016,Cincinnati - Red Bank Rd (OH),2026-01-01,2026-01-28,900.0,2026-04-03T19:22:18.916361+00:00
641,112-0016,Cincinnati - Red Bank Rd (OH),2026-01-29,2026-02-25,631.83,2026-04-03T19:22:18.916361+00:00
642,112-0016,Cincinnati - Red Bank Rd (OH),2026-02-26,2026-03-25,1330.33,2026-04-03T19:22:18.916361+00:00
643,112-0016,Cincinnati - Red Bank Rd (OH),2026-03-26,2026-04-22,593.25,2026-04-03T19:22:18.916361+00:00
644,112-0017,West Chester (OH),2022-12-29,2023-01-25,1078.42,2026-04-03T19:22:18.916361+00:00
645,112-0017,West Chester (OH),2023-01-26,2023-02-22,1272.0,2026-04-03T19:22:18.916361+00:00
646,112-0017,West Chester (OH),2023-02-23,2023-03-22,1721.6,2026-04-03T19:22:18.916361+00:00
647,112-0017,West Chester (OH),2023-03-23,2023-04-19,3597.2,2026-04-03T19:22:18.916361+00:00
648,112-0017,West Chester (OH),2023-04-20,2023-05-17,1931.33,2026-04-03T19:22:18.916361+00:00
649,112-0017,West Chester (OH),2023-05-18,2023-06-14,2135.0,2026-04-03T19:22:18.916361+00:00
650,112-0017,West Chester (OH),2023-06-15,2023-07-12,2799.0,2026-04-03T19:22:18.916361+00:00
651,112-0017,West Chester (OH),2023-07-13,2023-08-09,2798.5,2026-04-03T19:22:18.916361+00:00
652,112-0017,West Chester (OH),2023-08-10,2023-09-06,7892.0,2026-04-03T19:22:18.916361+00:00
653,112-0017,West Chester (OH),2023-09-07,2023-10-04,14329.0,2026-04-03T19:22:18.916361+00:00
654,112-0017,West Chester (OH),2023-10-05,2023-11-01,14898.0,2026-04-03T19:22:18.916361+00:00
655,112-0017,West Chester (OH),2023-11-02,2023-11-29,5554.33,2026-04-03T19:22:18.916361+00:00
656,112-0017,West Chester (OH),2023-11-30,2023-12-27,1621.92,2026-04-03T19:22:18.916361+00:00
657,112-0017,West Chester (OH),2023-12-28,2024-01-24,2901.2,2026-04-03T19:22:18.916361+00:00
658,112-0017,West Chester (OH),2024-01-25,2024-02-21,7710.5,2026-04-03T19:22:18.916361+00:00
659,112-0017,West Chester (OH),2024-02-22,2024-03-20,1916.38,2026-04-03T19:22:18.916361+00:00
660,112-0017,West Chester (OH),2024-03-21,2024-04-17,3667.0,2026-04-03T19:22:18.916361+00:00
661,112-0017,West Chester (OH),2024-04-18,2024-05-15,2061.71,2026-04-03T19:22:18.916361+00:00
662,112-0017,West Chester (OH),2024-05-16,2024-06-12,1313.25,2026-04-03T19:22:18.916361+00:00
663,112-0017,West Chester (OH),2024-06-13,2024-07-10,1984.0,2026-04-03T19:22:18.916361+00:00
664,112-0017,West Chester (OH),2024-07-11,2024-08-07,1342.6,2026-04-03T19:22:18.916361+00:00
665,112-0017,West Chester (OH),2024-08-08,2024-09-04,2391.4,2026-04-03T19:22:18.916361+00:00
666,112-0017,West Chester (OH),2024-09-05,2024-10-02,1342.75,2026-04-03T19:22:18.916361+00:00
667,112-0017,West Chester (OH),2024-10-03,2024-10-30,1541.43,2026-04-03T19:22:18.916361+00:00
668,112-0017,West Chester (OH),2024-10-31,2024-11-27,1858.5,2026-04-03T19:22:18.916361+00:00
669,112-0017,West Chester (OH),2024-11-28,2024-12-25,888.0,2026-04-03T19:22:18.916361+00:00
670,112-0017,West Chester (OH),2024-12-26,2025-01-22,599.88,2026-04-03T19:22:18.916361+00:00
671,112-0017,West Chester (OH),2025-01-23,2025-02-19,1267.0,2026-04-03T19:22:18.916361+00:00
672,112-0017,West Chester (OH),2025-02-20,2025-03-19,418.48,2026-04-03T19:22:18.916361+00:00
673,112-0017,West Chester (OH),2025-03-20,2025-04-16,677.29,2026-04-03T19:22:18.916361+00:00
674,112-0017,West Chester (OH),2025-04-17,2025-05-14,855.15,2026-04-03T19:22:18.916361+00:00
675,112-0017,West Chester (OH),2025-05-15,2025-06-11,748.87,2026-04-03T19:22:18.916361+00:00
676,112-0017,West Chester (OH),2025-06-12,2025-07-09,1826.0,2026-04-03T19:22:18.916361+00:00
677,112-0017,West Chester (OH),2025-07-10,2025-08-06,598.05,2026-04-03T19:22:18.916361+00:00
678,112-0017,West Chester (OH),2025-08-07,2025-09-03,1282.0,2026-04-03T19:22:18.916361+00:00
679,112-0017,West Chester (OH),2025-09-04,2025-10-01,823.45,2026-04-03T19:22:18.916361+00:00
680,112-0017,West Chester (OH),2025-10-02,2025-10-29,744.25,2026-04-03T19:22:18.916361+00:00
681,112-0017,West Chester (OH),2025-10-30,2025-11-26,458.7,2026-04-03T19:22:18.916361+00:00
682,112-0017,West Chester (OH),2025-11-27,2025-12-31,398.9,2026-04-03T19:22:18.916361+00:00
683,112-0017,West Chester (OH),2026-01-01,2026-01-28,267.97,2026-04-03T19:22:18.916361+00:00
684,112-0017,West Chester (OH),2026-01-29,2026-02-25,1479.57,2026-04-03T19:22:18.916361+00:00
685,112-0017,West Chester (OH),2026-02-26,2026-03-25,1082.3,2026-04-03T19:22:18.916361+00:00
686,112-0017,West Chester (OH),2026-03-26,2026-04-22,3089.0,2026-04-03T19:22:18.916361+00:00
687,112-0018,Harrison (OH),2022-12-29,2023-01-25,5746.0,2026-04-03T19:22:18.916361+00:00
688,112-0018,Harrison (OH),2023-01-26,2023-02-22,2434.0,2026-04-03T19:22:18.916361+00:00
689,112-0018,Harrison (OH),2023-02-23,2023-03-22,2068.67,2026-04-03T19:22:18.916361+00:00
690,112-0018,Harrison (OH),2023-03-23,2023-04-19,2229.83,2026-04-03T19:22:18.916361+00:00
691,112-0018,Harrison (OH),2023-04-20,2023-05-17,3347.25,2026-04-03T19:22:18.916361+00:00
692,112-0018,Harrison (OH),2023-05-18,2023-06-14,1426.7,2026-04-03T19:22:18.916361+00:00
693,112-0018,Harrison (OH),2023-06-15,2023-07-12,2001.71,2026-04-03T19:22:18.916361+00:00
694,112-0018,Harrison (OH),2023-07-13,2023-08-09,4622.67,2026-04-03T19:22:18.916361+00:00
695,112-0018,Harrison (OH),2023-08-10,2023-09-06,752.93,2026-04-03T19:22:18.916361+00:00
696,112-0018,Harrison (OH),2023-09-07,2023-10-04,1377.38,2026-04-03T19:22:18.916361+00:00
697,112-0018,Harrison (OH),2023-10-05,2023-11-01,1132.4,2026-04-03T19:22:18.916361+00:00
698,112-0018,Harrison (OH),2023-11-02,2023-11-29,948.18,2026-04-03T19:22:18.916361+00:00
699,112-0018,Harrison (OH),2023-11-30,2023-12-27,718.85,2026-04-03T19:22:18.916361+00:00
700,112-0018,Harrison (OH),2023-12-28,2024-01-24,1760.0,2026-04-03T19:22:18.916361+00:00
701,112-0018,Harrison (OH),2024-01-25,2024-02-21,877.27,2026-04-03T19:22:18.916361+00:00
702,112-0018,Harrison (OH),2024-02-22,2024-03-20,1287.13,2026-04-03T19:22:18.916361+00:00
703,112-0018,Harrison (OH),2024-03-21,2024-04-17,989.75,2026-04-03T19:22:18.916361+00:00
704,112-0018,Harrison (OH),2024-04-18,2024-05-15,977.0,2026-04-03T19:22:18.916361+00:00
705,112-0018,Harrison (OH),2024-05-16,2024-06-12,772.47,2026-04-03T19:22:18.916361+00:00
706,112-0018,Harrison (OH),2024-06-13,2024-07-10,1132.6,2026-04-03T19:22:18.916361+00:00
707,112-0018,Harrison (OH),2024-07-11,2024-08-07,727.67,2026-04-03T19:22:18.916361+00:00
708,112-0018,Harrison (OH),2024-08-08,2024-09-04,425.24,2026-04-03T19:22:18.916361+00:00
709,112-0018,Harrison (OH),2024-09-05,2024-10-02,516.65,2026-04-03T19:22:18.916361+00:00
710,112-0018,Harrison (OH),2024-10-03,2024-10-30,1631.0,2026-04-03T19:22:18.916361+00:00
711,112-0018,Harrison (OH),2024-10-31,2024-11-27,1240.29,2026-04-03T19:22:18.916361+00:00
712,112-0018,Harrison (OH),2024-11-28,2024-12-25,1172.57,2026-04-03T19:22:18.916361+00:00
713,112-0018,Harrison (OH),2024-12-26,2025-01-22,1045.13,2026-04-03T19:22:18.916361+00:00
714,112-0018,Harrison (OH),2025-01-23,2025-02-19,820.5,2026-04-03T19:22:18.916361+00:00
715,112-0018,Harrison (OH),2025-02-20,2025-03-19,953.4,2026-04-03T19:22:18.916361+00:00
716,112-0018,Harrison (OH),2025-03-20,2025-04-16,781.31,2026-04-03T19:22:18.916361+00:00
717,112-0018,Harrison (OH),2025-04-17,2025-05-14,835.92,2026-04-03T19:22:18.916361+00:00
718,112-0018,Harrison (OH),2025-05-15,2025-06-11,1224.33,2026-04-03T19:22:18.916361+00:00
719,112-0018,Harrison (OH),2025-06-12,2025-07-09,1224.67,2026-04-03T19:22:18.916361+00:00
720,112-0018,Harrison (OH),2025-07-10,2025-08-06,1824.33,2026-04-03T19:22:18.916361+00:00
721,112-0018,Harrison (OH),2025-08-07,2025-09-03,867.64,2026-04-03T19:22:18.916361+00:00
722,112-0018,Harrison (OH),2025-09-04,2025-10-01,1068.22,2026-04-03T19:22:18.916361+00:00
723,112-0018,Harrison (OH),2025-10-02,2025-10-29,1691.17,2026-04-03T19:22:18.916361+00:00
724,112-0018,Harrison (OH),2025-10-30,2025-11-26,4654.0,2026-04-03T19:22:18.916361+00:00
725,112-0018,Harrison (OH),2025-11-27,2025-12-31,1122.89,2026-04-03T19:22:18.916361+00:00
726,112-0018,Harrison (OH),2026-01-01,2026-01-28,761.0,2026-04-03T19:22:18.916361+00:00
727,112-0018,Harrison (OH),2026-01-29,2026-02-25,2169.0,2026-04-03T19:22:18.916361+00:00
728,112-0018,Harrison (OH),2026-02-26,2026-03-25,2110.6,2026-04-03T19:22:18.916361+00:00
729,112-0018,Harrison (OH),2026-03-26,2026-04-22,1642.5,2026-04-03T19:22:18.916361+00:00
730,112-0019,Streetsboro (OH),2022-12-29,2023-01-25,7429.0,2026-04-03T19:22:18.916361+00:00
731,112-0019,Streetsboro (OH),2023-01-26,2023-02-22,1808.75,2026-04-03T19:22:18.916361+00:00
732,112-0019,Streetsboro (OH),2023-02-23,2023-03-22,1196.0,2026-04-03T19:22:18.916361+00:00
733,112-0019,Streetsboro (OH),2023-03-23,2023-04-19,1923.5,2026-04-03T19:22:18.916361+00:00
734,112-0019,Streetsboro (OH),2023-04-20,2023-05-17,869.8,2026-04-03T19:22:18.916361+00:00
735,112-0019,Streetsboro (OH),2023-05-18,2023-06-14,2743.33,2026-04-03T19:22:18.916361+00:00
736,112-0019,Streetsboro (OH),2023-06-15,2023-07-12,1657.8,2026-04-03T19:22:18.916361+00:00
737,112-0019,Streetsboro (OH),2023-07-13,2023-08-09,2731.67,2026-04-03T19:22:18.916361+00:00
738,112-0019,Streetsboro (OH),2023-08-10,2023-09-06,763.27,2026-04-03T19:22:18.916361+00:00
739,112-0019,Streetsboro (OH),2023-09-07,2023-10-04,1212.67,2026-04-03T19:22:18.916361+00:00
740,112-0019,Streetsboro (OH),2023-10-05,2023-11-01,1155.17,2026-04-03T19:22:18.916361+00:00
741,112-0019,Streetsboro (OH),2023-11-02,2023-11-29,1386.4,2026-04-03T19:22:18.916361+00:00
742,112-0019,Streetsboro (OH),2023-11-30,2023-12-27,1686.5,2026-04-03T19:22:18.916361+00:00
743,112-0019,Streetsboro (OH),2023-12-28,2024-01-24,1968.0,2026-04-03T19:22:18.916361+00:00
744,112-0019,Streetsboro (OH),2024-01-25,2024-02-21,3376.5,2026-04-03T19:22:18.916361+00:00
745,112-0019,Streetsboro (OH),2024-02-22,2024-03-20,2428.33,2026-04-03T19:22:18.916361+00:00
746,112-0019,Streetsboro (OH),2024-03-21,2024-04-17,1247.33,2026-04-03T19:22:18.916361+00:00
747,112-0019,Streetsboro (OH),2024-04-18,2024-05-15,3978.5,2026-04-03T19:22:18.916361+00:00
748,112-0019,Streetsboro (OH),2024-05-16,2024-06-12,1023.5,2026-04-03T19:22:18.916361+00:00
749,112-0019,Streetsboro (OH),2024-06-13,2024-07-10,2029.0,2026-04-03T19:22:18.916361+00:00
750,112-0019,Streetsboro (OH),2024-07-11,2024-08-07,1804.75,2026-04-03T19:22:18.916361+00:00
751,112-0019,Streetsboro (OH),2024-08-08,2024-09-04,1642.5,2026-04-03T19:22:18.916361+00:00
752,112-0019,Streetsboro (OH),2024-09-05,2024-10-02,3320.5,2026-04-03T19:22:18.916361+00:00
753,112-0019,Streetsboro (OH),2024-10-03,2024-10-30,1598.0,2026-04-03T19:22:18.916361+00:00
754,112-0019,Streetsboro (OH),2024-10-31,2024-11-27,1061.17,2026-04-03T19:22:18.916361+00:00
755,112-0019,Streetsboro (OH),2024-11-28,2024-12-25,5755.0,2026-04-03T19:22:18.916361+00:00
756,112-0019,Streetsboro (OH),2024-12-26,2025-01-22,5582.0,2026-04-03T19:22:18.916361+00:00
757,112-0019,Streetsboro (OH),2025-01-23,2025-02-19,1447.5,2026-04-03T19:22:18.916361+00:00
758,112-0019,Streetsboro (OH),2025-02-20,2025-03-19,5994.0,2026-04-03T19:22:18.916361+00:00
759,112-0019,Streetsboro (OH),2025-03-20,2025-04-16,1590.0,2026-04-03T19:22:18.916361+00:00
760,112-0019,Streetsboro (OH),2025-04-17,2025-05-14,3535.0,2026-04-03T19:22:18.916361+00:00
761,112-0019,Streetsboro (OH),2025-05-15,2025-06-11,1452.8,2026-04-03T19:22:18.916361+00:00
762,112-0019,Streetsboro (OH),2025-06-12,2025-07-09,3504.5,2026-04-03T19:22:18.916361+00:00
763,112-0019,Streetsboro (OH),2025-07-10,2025-08-06,1774.25,2026-04-03T19:22:18.916361+00:00
764,112-0019,Streetsboro (OH),2025-08-07,2025-09-03,394.13,2026-04-03T19:22:18.916361+00:00
765,112-0019,Streetsboro (OH),2025-09-04,2025-10-01,240.43,2026-04-03T19:22:18.916361+00:00
766,112-0019,Streetsboro (OH),2025-10-02,2025-10-29,420.42,2026-04-03T19:22:18.916361+00:00
767,112-0019,Streetsboro (OH),2025-10-30,2025-11-26,1722.67,2026-04-03T19:22:18.916361+00:00
768,112-0019,Streetsboro (OH),2025-11-27,2025-12-31,195.67,2026-04-03T19:22:18.916361+00:00
769,112-0019,Streetsboro (OH),2026-01-01,2026-01-28,168.7,2026-04-03T19:22:18.916361+00:00
770,112-0019,Streetsboro (OH),2026-01-29,2026-02-25,323.93,2026-04-03T19:22:18.916361+00:00
771,112-0019,Streetsboro (OH),2026-02-26,2026-03-25,665.88,2026-04-03T19:22:18.916361+00:00
772,112-0019,Streetsboro (OH),2026-03-26,2026-04-22,773.5,2026-04-03T19:22:18.916361+00:00
773,112-0020,Strongsville (OH),2022-12-29,2023-01-25,4125.5,2026-04-03T19:22:18.916361+00:00
774,112-0020,Strongsville (OH),2023-01-26,2023-02-22,4274.0,2026-04-03T19:22:18.916361+00:00
775,112-0020,Strongsville (OH),2023-02-23,2023-03-22,2174.25,2026-04-03T19:22:18.916361+00:00
776,112-0020,Strongsville (OH),2023-03-23,2023-04-19,2336.5,2026-04-03T19:22:18.916361+00:00
777,112-0020,Strongsville (OH),2023-04-20,2023-05-17,2514.5,2026-04-03T19:22:18.916361+00:00
778,112-0020,Strongsville (OH),2023-05-18,2023-06-14,1133.13,2026-04-03T19:22:18.916361+00:00
779,112-0020,Strongsville (OH),2023-06-15,2023-07-12,1727.4,2026-04-03T19:22:18.916361+00:00
780,112-0020,Strongsville (OH),2023-07-13,2023-08-09,695.08,2026-04-03T19:22:18.916361+00:00
781,112-0020,Strongsville (OH),2023-08-10,2023-09-06,1740.2,2026-04-03T19:22:18.916361+00:00
782,112-0020,Strongsville (OH),2023-09-07,2023-10-04,977.5,2026-04-03T19:22:18.916361+00:00
783,112-0020,Strongsville (OH),2023-10-05,2023-11-01,952.86,2026-04-03T19:22:18.916361+00:00
784,112-0020,Strongsville (OH),2023-11-02,2023-11-29,853.75,2026-04-03T19:22:18.916361+00:00
785,112-0020,Strongsville (OH),2023-11-30,2023-12-27,995.14,2026-04-03T19:22:18.916361+00:00
786,112-0020,Strongsville (OH),2023-12-28,2024-01-24,3063.5,2026-04-03T19:22:18.916361+00:00
787,112-0020,Strongsville (OH),2024-01-25,2024-02-21,2097.33,2026-04-03T19:22:18.916361+00:00
788,112-0020,Strongsville (OH),2024-02-22,2024-03-20,773.63,2026-04-03T19:22:18.916361+00:00
789,112-0020,Strongsville (OH),2024-03-21,2024-04-17,2383.33,2026-04-03T19:22:18.916361+00:00
790,112-0020,Strongsville (OH),2024-04-18,2024-05-15,1470.8,2026-04-03T19:22:18.916361+00:00
791,112-0020,Strongsville (OH),2024-05-16,2024-06-12,1375.6,2026-04-03T19:22:18.916361+00:00
792,112-0020,Strongsville (OH),2024-06-13,2024-07-10,1048.83,2026-04-03T19:22:18.916361+00:00
793,112-0020,Strongsville (OH),2024-07-11,2024-08-07,504.0,2026-04-03T19:22:18.916361+00:00
794,112-0020,Strongsville (OH),2024-08-08,2024-09-04,149.06,2026-04-03T19:22:18.916361+00:00
795,112-0020,Strongsville (OH),2024-09-05,2024-10-02,215.95,2026-04-03T19:22:18.916361+00:00
796,112-0020,Strongsville (OH),2024-10-03,2024-10-30,621.86,2026-04-03T19:22:18.916361+00:00
797,112-0020,Strongsville (OH),2024-10-31,2024-11-27,577.75,2026-04-03T19:22:18.916361+00:00
798,112-0020,Strongsville (OH),2024-11-28,2024-12-25,409.6,2026-04-03T19:22:18.916361+00:00
799,112-0020,Strongsville (OH),2024-12-26,2025-01-22,882.5,2026-04-03T19:22:18.916361+00:00
800,112-0020,Strongsville (OH),2025-01-23,2025-02-19,363.0,2026-04-03T19:22:18.916361+00:00
801,112-0020,Strongsville (OH),2025-02-20,2025-03-19,876.4,2026-04-03T19:22:18.916361+00:00
802,112-0020,Strongsville (OH),2025-03-20,2025-04-16,930.6,2026-04-03T19:22:18.916361+00:00
803,112-0020,Strongsville (OH),2025-04-17,2025-05-14,987.8,2026-04-03T19:22:18.916361+00:00
804,112-0020,Strongsville (OH),2025-05-15,2025-06-11,2504.0,2026-04-03T19:22:18.916361+00:00
805,112-0020,Strongsville (OH),2025-06-12,2025-07-09,527.11,2026-04-03T19:22:18.916361+00:00
806,112-0020,Strongsville (OH),2025-07-10,2025-08-06,191.46,2026-04-03T19:22:18.916361+00:00
807,112-0020,Strongsville (OH),2025-08-07,2025-09-03,232.2,2026-04-03T19:22:18.916361+00:00
808,112-0020,Strongsville (OH),2025-09-04,2025-10-01,465.67,2026-04-03T19:22:18.916361+00:00
809,112-0020,Strongsville (OH),2025-10-02,2025-10-29,177.14,2026-04-03T19:22:18.916361+00:00
810,112-0020,Strongsville (OH),2025-10-30,2025-11-26,427.67,2026-04-03T19:22:18.916361+00:00
811,112-0020,Strongsville (OH),2025-11-27,2025-12-31,478.7,2026-04-03T19:22:18.916361+00:00
812,112-0020,Strongsville (OH),2026-01-01,2026-01-28,360.2,2026-04-03T19:22:18.916361+00:00
813,112-0020,Strongsville (OH),2026-01-29,2026-02-25,618.86,2026-04-03T19:22:18.916361+00:00
814,112-0020,Strongsville (OH),2026-02-26,2026-03-25,1016.8,2026-04-03T19:22:18.916361+00:00
815,112-0020,Strongsville (OH),2026-03-26,2026-04-22,711.5,2026-04-03T19:22:18.916361+00:00
816,112-0021,Loveland (OH),2023-03-23,2023-04-19,1452.83,2026-04-03T19:22:18.916361+00:00
817,112-0021,Loveland (OH),2023-04-20,2023-05-17,590.38,2026-04-03T19:22:18.916361+00:00
818,112-0021,Loveland (OH),2023-05-18,2023-06-14,3953.2,2026-04-03T19:22:18.916361+00:00
819,112-0021,Loveland (OH),2023-06-15,2023-07-12,1558.45,2026-04-03T19:22:18.916361+00:00
820,112-0021,Loveland (OH),2023-07-13,2023-08-09,1398.0,2026-04-03T19:22:18.916361+00:00
821,112-0021,Loveland (OH),2023-08-10,2023-09-06,847.33,2026-04-03T19:22:18.916361+00:00
822,112-0021,Loveland (OH),2023-09-07,2023-10-04,2339.17,2026-04-03T19:22:18.916361+00:00
823,112-0021,Loveland (OH),2023-10-05,2023-11-01,6470.0,2026-04-03T19:22:18.916361+00:00
824,112-0021,Loveland (OH),2023-11-02,2023-11-29,2190.5,2026-04-03T19:22:18.916361+00:00
825,112-0021,Loveland (OH),2023-11-30,2023-12-27,4363.0,2026-04-03T19:22:18.916361+00:00
826,112-0021,Loveland (OH),2023-12-28,2024-01-24,2236.6,2026-04-03T19:22:18.916361+00:00
827,112-0021,Loveland (OH),2024-01-25,2024-02-21,939.25,2026-04-03T19:22:18.916361+00:00
828,112-0021,Loveland (OH),2024-02-22,2024-03-20,862.31,2026-04-03T19:22:18.916361+00:00
829,112-0021,Loveland (OH),2024-03-21,2024-04-17,6131.5,2026-04-03T19:22:18.916361+00:00
830,112-0021,Loveland (OH),2024-04-18,2024-05-15,5751.0,2026-04-03T19:22:18.916361+00:00
831,112-0021,Loveland (OH),2024-05-16,2024-06-12,1768.71,2026-04-03T19:22:18.916361+00:00
832,112-0021,Loveland (OH),2024-06-13,2024-07-10,1467.13,2026-04-03T19:22:18.916361+00:00
833,112-0021,Loveland (OH),2024-07-11,2024-08-07,1330.11,2026-04-03T19:22:18.916361+00:00
834,112-0021,Loveland (OH),2024-08-08,2024-09-04,1960.17,2026-04-03T19:22:18.916361+00:00
835,112-0021,Loveland (OH),2024-09-05,2024-10-02,1761.33,2026-04-03T19:22:18.916361+00:00
836,112-0021,Loveland (OH),2024-10-03,2024-10-30,2582.0,2026-04-03T19:22:18.916361+00:00
837,112-0021,Loveland (OH),2024-10-31,2024-11-27,1771.17,2026-04-03T19:22:18.916361+00:00
838,112-0021,Loveland (OH),2024-11-28,2024-12-25,857.5,2026-04-03T19:22:18.916361+00:00
839,112-0021,Loveland (OH),2024-12-26,2025-01-22,1954.8,2026-04-03T19:22:18.916361+00:00
840,112-0021,Loveland (OH),2025-01-23,2025-02-19,1383.0,2026-04-03T19:22:18.916361+00:00
841,112-0021,Loveland (OH),2025-02-20,2025-03-19,1771.5,2026-04-03T19:22:18.916361+00:00
842,112-0021,Loveland (OH),2025-03-20,2025-04-16,1324.63,2026-04-03T19:22:18.916361+00:00
843,112-0021,Loveland (OH),2025-04-17,2025-05-14,1556.29,2026-04-03T19:22:18.916361+00:00
844,112-0021,Loveland (OH),2025-05-15,2025-06-11,5728.5,2026-04-03T19:22:18.916361+00:00
845,112-0021,Loveland (OH),2025-06-12,2025-07-09,5515.0,2026-04-03T19:22:18.916361+00:00
846,112-0021,Loveland (OH),2025-07-10,2025-08-06,1040.45,2026-04-03T19:22:18.916361+00:00
847,112-0021,Loveland (OH),2025-08-07,2025-09-03,728.33,2026-04-03T19:22:18.916361+00:00
848,112-0021,Loveland (OH),2025-09-04,2025-10-01,1083.89,2026-04-03T19:22:18.916361+00:00
849,112-0021,Loveland (OH),2025-10-02,2025-10-29,1183.38,2026-04-03T19:22:18.916361+00:00
850,112-0021,Loveland (OH),2025-10-30,2025-11-26,1111.44,2026-04-03T19:22:18.916361+00:00
851,112-0021,Loveland (OH),2025-11-27,2025-12-31,1823.33,2026-04-03T19:22:18.916361+00:00
852,112-0021,Loveland (OH),2026-01-01,2026-01-28,1803.4,2026-04-03T19:22:18.916361+00:00
853,112-0021,Loveland (OH),2026-01-29,2026-02-25,1739.5,2026-04-03T19:22:18.916361+00:00
854,112-0021,Loveland (OH),2026-02-26,2026-03-25,2090.6,2026-04-03T19:22:18.916361+00:00
855,112-0021,Loveland (OH),2026-03-26,2026-04-22,1013.33,2026-04-03T19:22:18.916361+00:00
856,112-0022,Avon (OH),2023-04-20,2023-05-17,953.5,2026-04-03T19:22:18.916361+00:00
857,112-0022,Avon (OH),2023-05-18,2023-06-14,624.03,2026-04-03T19:22:18.916361+00:00
858,112-0022,Avon (OH),2023-06-15,2023-07-12,669.04,2026-04-03T19:22:18.916361+00:00
859,112-0022,Avon (OH),2023-07-13,2023-08-09,881.93,2026-04-03T19:22:18.916361+00:00
860,112-0022,Avon (OH),2023-08-10,2023-09-06,1179.0,2026-04-03T19:22:18.916361+00:00
861,112-0022,Avon (OH),2023-09-07,2023-10-04,887.0,2026-04-03T19:22:18.916361+00:00
862,112-0022,Avon (OH),2023-10-05,2023-11-01,567.47,2026-04-03T19:22:18.916361+00:00
863,112-0022,Avon (OH),2023-11-02,2023-11-29,1368.83,2026-04-03T19:22:18.916361+00:00
864,112-0022,Avon (OH),2023-11-30,2023-12-27,1669.8,2026-04-03T19:22:18.916361+00:00
865,112-0022,Avon (OH),2023-12-28,2024-01-24,797.22,2026-04-03T19:22:18.916361+00:00
866,112-0022,Avon (OH),2024-01-25,2024-02-21,1835.25,2026-04-03T19:22:18.916361+00:00
867,112-0022,Avon (OH),2024-02-22,2024-03-20,621.91,2026-04-03T19:22:18.916361+00:00
868,112-0022,Avon (OH),2024-03-21,2024-04-17,2295.33,2026-04-03T19:22:18.916361+00:00
869,112-0022,Avon (OH),2024-04-18,2024-05-15,1394.4,2026-04-03T19:22:18.916361+00:00
870,112-0022,Avon (OH),2024-05-16,2024-06-12,3690.5,2026-04-03T19:22:18.916361+00:00
871,112-0022,Avon (OH),2024-06-13,2024-07-10,2332.33,2026-04-03T19:22:18.916361+00:00
872,112-0022,Avon (OH),2024-07-11,2024-08-07,7552.0,2026-04-03T19:22:18.916361+00:00
873,112-0022,Avon (OH),2024-08-08,2024-09-04,628.08,2026-04-03T19:22:18.916361+00:00
874,112-0022,Avon (OH),2024-09-05,2024-10-02,515.18,2026-04-03T19:22:18.916361+00:00
875,112-0022,Avon (OH),2024-10-03,2024-10-30,844.33,2026-04-03T19:22:18.916361+00:00
876,112-0022,Avon (OH),2024-10-31,2024-11-27,664.25,2026-04-03T19:22:18.916361+00:00
877,112-0022,Avon (OH),2024-11-28,2024-12-25,706.0,2026-04-03T19:22:18.916361+00:00
878,112-0022,Avon (OH),2024-12-26,2025-01-22,714.0,2026-04-03T19:22:18.916361+00:00
879,112-0022,Avon (OH),2025-01-23,2025-02-19,503.63,2026-04-03T19:22:18.916361+00:00
880,112-0022,Avon (OH),2025-02-20,2025-03-19,513.33,2026-04-03T19:22:18.916361+00:00
881,112-0022,Avon (OH),2025-03-20,2025-04-16,496.11,2026-04-03T19:22:18.916361+00:00
882,112-0022,Avon (OH),2025-04-17,2025-05-14,294.0,2026-04-03T19:22:18.916361+00:00
883,112-0022,Avon (OH),2025-05-15,2025-06-11,842.33,2026-04-03T19:22:18.916361+00:00
884,112-0022,Avon (OH),2025-06-12,2025-07-09,633.38,2026-04-03T19:22:18.916361+00:00
885,112-0022,Avon (OH),2025-07-10,2025-08-06,1870.0,2026-04-03T19:22:18.916361+00:00
886,112-0022,Avon (OH),2025-08-07,2025-09-03,247.11,2026-04-03T19:22:18.916361+00:00
887,112-0022,Avon (OH),2025-09-04,2025-10-01,610.14,2026-04-03T19:22:18.916361+00:00
888,112-0022,Avon (OH),2025-10-02,2025-10-29,365.5,2026-04-03T19:22:18.916361+00:00
889,112-0022,Avon (OH),2025-10-30,2025-11-26,291.57,2026-04-03T19:22:18.916361+00:00
890,112-0022,Avon (OH),2025-11-27,2025-12-31,453.8,2026-04-03T19:22:18.916361+00:00
891,112-0022,Avon (OH),2026-01-01,2026-01-28,672.0,2026-04-03T19:22:18.916361+00:00
892,112-0022,Avon (OH),2026-01-29,2026-02-25,668.67,2026-04-03T19:22:18.916361+00:00
893,112-0022,Avon (OH),2026-02-26,2026-03-25,614.71,2026-04-03T19:22:18.916361+00:00
894,112-0022,Avon (OH),2026-03-26,2026-04-22,1516.0,2026-04-03T19:22:18.916361+00:00
895,112-0023,Lorain (OH),2023-09-07,2023-10-04,1763.0,2026-04-03T19:22:18.916361+00:00
896,112-0023,Lorain (OH),2023-10-05,2023-11-01,899.45,2026-04-03T19:22:18.916361+00:00
897,112-0023,Lorain (OH),2023-11-02,2023-11-29,1348.11,2026-04-03T19:22:18.916361+00:00
898,112-0023,Lorain (OH),2023-11-30,2023-12-27,990.4,2026-04-03T19:22:18.916361+00:00
899,112-0023,Lorain (OH),2023-12-28,2024-01-24,598.6,2026-04-03T19:22:18.916361+00:00
900,112-0023,Lorain (OH),2024-01-25,2024-02-21,591.0,2026-04-03T19:22:18.916361+00:00
901,112-0023,Lorain (OH),2024-02-22,2024-03-20,591.19,2026-04-03T19:22:18.916361+00:00
902,112-0023,Lorain (OH),2024-03-21,2024-04-17,1738.4,2026-04-03T19:22:18.916361+00:00
903,112-0023,Lorain (OH),2024-04-18,2024-05-15,1755.0,2026-04-03T19:22:18.916361+00:00
904,112-0023,Lorain (OH),2024-05-16,2024-06-12,818.1,2026-04-03T19:22:18.916361+00:00
905,112-0023,Lorain (OH),2024-06-13,2024-07-10,833.44,2026-04-03T19:22:18.916361+00:00
906,112-0023,Lorain (OH),2024-07-11,2024-08-07,1152.83,2026-04-03T19:22:18.916361+00:00
907,112-0023,Lorain (OH),2024-08-08,2024-09-04,338.53,2026-04-03T19:22:18.916361+00:00
908,112-0023,Lorain (OH),2024-09-05,2024-10-02,559.09,2026-04-03T19:22:18.916361+00:00
909,112-0023,Lorain (OH),2024-10-03,2024-10-30,460.92,2026-04-03T19:22:18.916361+00:00
910,112-0023,Lorain (OH),2024-10-31,2024-11-27,1381.5,2026-04-03T19:22:18.916361+00:00
911,112-0023,Lorain (OH),2024-11-28,2024-12-25,961.6,2026-04-03T19:22:18.916361+00:00
912,112-0023,Lorain (OH),2024-12-26,2025-01-22,756.33,2026-04-03T19:22:18.916361+00:00
913,112-0023,Lorain (OH),2025-01-23,2025-02-19,336.79,2026-04-03T19:22:18.916361+00:00
914,112-0023,Lorain (OH),2025-02-20,2025-03-19,421.42,2026-04-03T19:22:18.916361+00:00
915,112-0023,Lorain (OH),2025-03-20,2025-04-16,340.47,2026-04-03T19:22:18.916361+00:00
916,112-0023,Lorain (OH),2025-04-17,2025-05-14,933.33,2026-04-03T19:22:18.916361+00:00
917,112-0023,Lorain (OH),2025-05-15,2025-06-11,733.13,2026-04-03T19:22:18.916361+00:00
918,112-0023,Lorain (OH),2025-06-12,2025-07-09,581.1,2026-04-03T19:22:18.916361+00:00
919,112-0023,Lorain (OH),2025-07-10,2025-08-06,799.0,2026-04-03T19:22:18.916361+00:00
920,112-0023,Lorain (OH),2025-08-07,2025-09-03,521.5,2026-04-03T19:22:18.916361+00:00
921,112-0023,Lorain (OH),2025-09-04,2025-10-01,379.92,2026-04-03T19:22:18.916361+00:00
922,112-0023,Lorain (OH),2025-10-02,2025-10-29,447.2,2026-04-03T19:22:18.916361+00:00
923,112-0023,Lorain (OH),2025-10-30,2025-11-26,291.19,2026-04-03T19:22:18.916361+00:00
924,112-0023,Lorain (OH),2025-11-27,2025-12-31,330.07,2026-04-03T19:22:18.916361+00:00
925,112-0023,Lorain (OH),2026-01-01,2026-01-28,751.6,2026-04-03T19:22:18.916361+00:00
926,112-0023,Lorain (OH),2026-01-29,2026-02-25,593.25,2026-04-03T19:22:18.916361+00:00
927,112-0023,Lorain (OH),2026-02-26,2026-03-25,582.0,2026-04-03T19:22:18.916361+00:00
928,112-0023,Lorain (OH),2026-03-26,2026-04-22,1529.0,2026-04-03T19:22:18.916361+00:00
929,112-0024,Beavercreek (OH),2023-10-05,2023-11-01,3040.75,2026-04-03T19:22:18.916361+00:00
930,112-0024,Beavercreek (OH),2023-11-02,2023-11-29,2549.0,2026-04-03T19:22:18.916361+00:00
931,112-0024,Beavercreek (OH),2023-11-30,2023-12-27,1973.33,2026-04-03T19:22:18.916361+00:00
932,112-0024,Beavercreek (OH),2023-12-28,2024-01-24,1472.1,2026-04-03T19:22:18.916361+00:00
933,112-0024,Beavercreek (OH),2024-01-25,2024-02-21,937.65,2026-04-03T19:22:18.916361+00:00
934,112-0024,Beavercreek (OH),2024-02-22,2024-03-20,3075.67,2026-04-03T19:22:18.916361+00:00
935,112-0024,Beavercreek (OH),2024-03-21,2024-04-17,1425.69,2026-04-03T19:22:18.916361+00:00
936,112-0024,Beavercreek (OH),2024-04-18,2024-05-15,878.2,2026-04-03T19:22:18.916361+00:00
937,112-0024,Beavercreek (OH),2024-05-16,2024-06-12,1634.3,2026-04-03T19:22:18.916361+00:00
938,112-0024,Beavercreek (OH),2024-06-13,2024-07-10,1430.82,2026-04-03T19:22:18.916361+00:00
939,112-0024,Beavercreek (OH),2024-07-11,2024-08-07,2374.5,2026-04-03T19:22:18.916361+00:00
940,112-0024,Beavercreek (OH),2024-08-08,2024-09-04,2664.8,2026-04-03T19:22:18.916361+00:00
941,112-0024,Beavercreek (OH),2024-09-05,2024-10-02,960.62,2026-04-03T19:22:18.916361+00:00
942,112-0024,Beavercreek (OH),2024-10-03,2024-10-30,897.31,2026-04-03T19:22:18.916361+00:00
943,112-0024,Beavercreek (OH),2024-10-31,2024-11-27,991.67,2026-04-03T19:22:18.916361+00:00
944,112-0024,Beavercreek (OH),2024-11-28,2024-12-25,706.07,2026-04-03T19:22:18.916361+00:00
945,112-0024,Beavercreek (OH),2024-12-26,2025-01-22,781.0,2026-04-03T19:22:18.916361+00:00
946,112-0024,Beavercreek (OH),2025-01-23,2025-02-19,1098.22,2026-04-03T19:22:18.916361+00:00
947,112-0024,Beavercreek (OH),2025-02-20,2025-03-19,379.45,2026-04-03T19:22:18.916361+00:00
948,112-0024,Beavercreek (OH),2025-03-20,2025-04-16,613.89,2026-04-03T19:22:18.916361+00:00
949,112-0024,Beavercreek (OH),2025-04-17,2025-05-14,200.82,2026-04-03T19:22:18.916361+00:00
950,112-0024,Beavercreek (OH),2025-05-15,2025-06-11,305.84,2026-04-03T19:22:18.916361+00:00
951,112-0024,Beavercreek (OH),2025-06-12,2025-07-09,654.0,2026-04-03T19:22:18.916361+00:00
952,112-0024,Beavercreek (OH),2025-07-10,2025-08-06,301.03,2026-04-03T19:22:18.916361+00:00
953,112-0024,Beavercreek (OH),2025-08-07,2025-09-03,176.88,2026-04-03T19:22:18.916361+00:00
954,112-0024,Beavercreek (OH),2025-09-04,2025-10-01,416.55,2026-04-03T19:22:18.916361+00:00
955,112-0024,Beavercreek (OH),2025-10-02,2025-10-29,700.58,2026-04-03T19:22:18.916361+00:00
956,112-0024,Beavercreek (OH),2025-10-30,2025-11-26,504.0,2026-04-03T19:22:18.916361+00:00
957,112-0024,Beavercreek (OH),2025-11-27,2025-12-31,751.85,2026-04-03T19:22:18.916361+00:00
958,112-0024,Beavercreek (OH),2026-01-01,2026-01-28,906.13,2026-04-03T19:22:18.916361+00:00
959,112-0024,Beavercreek (OH),2026-01-29,2026-02-25,1117.38,2026-04-03T19:22:18.916361+00:00
960,112-0024,Beavercreek (OH),2026-02-26,2026-03-25,826.08,2026-04-03T19:22:18.916361+00:00
961,112-0024,Beavercreek (OH),2026-03-26,2026-04-22,1348.0,2026-04-03T19:22:18.916361+00:00
962,112-0026,Fairfield (OH),2024-01-25,2024-02-21,875.56,2026-04-03T19:22:18.916361+00:00
963,112-0026,Fairfield (OH),2024-02-22,2024-03-20,894.3,2026-04-03T19:22:18.916361+00:00
964,112-0026,Fairfield (OH),2024-03-21,2024-04-17,1132.07,2026-04-03T19:22:18.916361+00:00
965,112-0026,Fairfield (OH),2024-04-18,2024-05-15,1342.6,2026-04-03T19:22:18.916361+00:00
966,112-0026,Fairfield (OH),2024-05-16,2024-06-12,569.0,2026-04-03T19:22:18.916361+00:00
967,112-0026,Fairfield (OH),2024-06-13,2024-07-10,1650.43,2026-04-03T19:22:18.916361+00:00
968,112-0026,Fairfield (OH),2024-07-11,2024-08-07,1131.8,2026-04-03T19:22:18.916361+00:00
969,112-0026,Fairfield (OH),2024-08-08,2024-09-04,2063.6,2026-04-03T19:22:18.916361+00:00
970,112-0026,Fairfield (OH),2024-09-05,2024-10-02,1614.33,2026-04-03T19:22:18.916361+00:00
971,112-0026,Fairfield (OH),2024-10-03,2024-10-30,2239.25,2026-04-03T19:22:18.916361+00:00
972,112-0026,Fairfield (OH),2024-10-31,2024-11-27,2319.75,2026-04-03T19:22:18.916361+00:00
973,112-0026,Fairfield (OH),2024-11-28,2024-12-25,1028.67,2026-04-03T19:22:18.916361+00:00
974,112-0026,Fairfield (OH),2024-12-26,2025-01-22,844.18,2026-04-03T19:22:18.916361+00:00
975,112-0026,Fairfield (OH),2025-01-23,2025-02-19,951.7,2026-04-03T19:22:18.916361+00:00
976,112-0026,Fairfield (OH),2025-02-20,2025-03-19,577.78,2026-04-03T19:22:18.916361+00:00
977,112-0026,Fairfield (OH),2025-03-20,2025-04-16,712.07,2026-04-03T19:22:18.916361+00:00
978,112-0026,Fairfield (OH),2025-04-17,2025-05-14,867.36,2026-04-03T19:22:18.916361+00:00
979,112-0026,Fairfield (OH),2025-05-15,2025-06-11,827.64,2026-04-03T19:22:18.916361+00:00
980,112-0026,Fairfield (OH),2025-06-12,2025-07-09,884.8,2026-04-03T19:22:18.916361+00:00
981,112-0026,Fairfield (OH),2025-07-10,2025-08-06,561.13,2026-04-03T19:22:18.916361+00:00
982,112-0026,Fairfield (OH),2025-08-07,2025-09-03,916.78,2026-04-03T19:22:18.916361+00:00
983,112-0026,Fairfield (OH),2025-09-04,2025-10-01,524.57,2026-04-03T19:22:18.916361+00:00
984,112-0026,Fairfield (OH),2025-10-02,2025-10-29,513.79,2026-04-03T19:22:18.916361+00:00
985,112-0026,Fairfield (OH),2025-10-30,2025-11-26,690.82,2026-04-03T19:22:18.916361+00:00
986,112-0026,Fairfield (OH),2025-11-27,2025-12-31,892.67,2026-04-03T19:22:18.916361+00:00
987,112-0026,Fairfield (OH),2026-01-01,2026-01-28,887.75,2026-04-03T19:22:18.916361+00:00
988,112-0026,Fairfield (OH),2026-01-29,2026-02-25,495.18,2026-04-03T19:22:18.916361+00:00
989,112-0026,Fairfield (OH),2026-02-26,2026-03-25,999.0,2026-04-03T19:22:18.916361+00:00
990,112-0026,Fairfield (OH),2026-03-26,2026-04-22,1361.5,2026-04-03T19:22:18.916361+00:00
991,112-0027,Florence (KY),2024-04-18,2024-05-15,1162.11,2026-04-03T19:22:18.916361+00:00
992,112-0027,Florence (KY),2024-05-16,2024-06-12,426.54,2026-04-03T19:22:18.916361+00:00
993,112-0027,Florence (KY),2024-06-13,2024-07-10,505.39,2026-04-03T19:22:18.916361+00:00
994,112-0027,Florence (KY),2024-07-11,2024-08-07,645.0,2026-04-03T19:22:18.916361+00:00
995,112-0027,Florence (KY),2024-08-08,2024-09-04,350.19,2026-04-03T19:22:18.916361+00:00
996,112-0027,Florence (KY),2024-09-05,2024-10-02,580.46,2026-04-03T19:22:18.916361+00:00
997,112-0027,Florence (KY),2024-10-03,2024-10-30,476.59,2026-04-03T19:22:18.916361+00:00
998,112-0027,Florence (KY),2024-10-31,2024-11-27,761.61,2026-04-03T19:22:18.916361+00:00
999,112-0027,Florence (KY),2024-11-28,2024-12-25,463.44,2026-04-03T19:22:18.916361+00:00
1000,112-0027,Florence (KY),2024-12-26,2025-01-22,220.79,2026-04-03T19:22:18.916361+00:00
1001,112-0027,Florence (KY),2025-01-23,2025-02-19,325.24,2026-04-03T19:22:18.916361+00:00
