id,location_id,store_name,sale_date,good_shift,loaded_at
2,112-0001,Stillwater (OK),2023-01-01,0.5,2026-04-03T19:17:14.09042+00:00
3,112-0001,Stillwater (OK),2023-01-02,0.0,2026-04-03T19:17:14.09042+00:00
4,112-0001,Stillwater (OK),2023-01-03,0.5,2026-04-03T19:17:14.09042+00:00
5,112-0001,Stillwater (OK),2023-01-04,1.0,2026-04-03T19:17:14.09042+00:00
6,112-0001,Stillwater (OK),2023-01-05,0.5,2026-04-03T19:17:14.09042+00:00
7,112-0001,Stillwater (OK),2023-01-06,0.5,2026-04-03T19:17:14.09042+00:00
8,112-0001,Stillwater (OK),2023-01-07,0.5,2026-04-03T19:17:14.09042+00:00
9,112-0001,Stillwater (OK),2023-01-08,0.5,2026-04-03T19:17:14.09042+00:00
10,112-0001,Stillwater (OK),2023-01-09,0.5,2026-04-03T19:17:14.09042+00:00
11,112-0001,Stillwater (OK),2023-01-10,0.5,2026-04-03T19:17:14.09042+00:00
12,112-0001,Stillwater (OK),2023-01-11,0.5,2026-04-03T19:17:14.09042+00:00
13,112-0001,Stillwater (OK),2023-01-12,0.0,2026-04-03T19:17:14.09042+00:00
14,112-0001,Stillwater (OK),2023-01-13,1.0,2026-04-03T19:17:14.09042+00:00
15,112-0001,Stillwater (OK),2023-01-14,0.5,2026-04-03T19:17:14.09042+00:00
16,112-0001,Stillwater (OK),2023-01-15,0.5,2026-04-03T19:17:14.09042+00:00
17,112-0001,Stillwater (OK),2023-01-16,0.5,2026-04-03T19:17:14.09042+00:00
18,112-0001,Stillwater (OK),2023-01-17,0.0,2026-04-03T19:17:14.09042+00:00
19,112-0001,Stillwater (OK),2023-01-18,0.0,2026-04-03T19:17:14.09042+00:00
20,112-0001,Stillwater (OK),2023-01-19,0.5,2026-04-03T19:17:14.09042+00:00
21,112-0001,Stillwater (OK),2023-01-20,0.5,2026-04-03T19:17:14.09042+00:00
22,112-0001,Stillwater (OK),2023-01-21,0.5,2026-04-03T19:17:14.09042+00:00
23,112-0001,Stillwater (OK),2023-01-22,0.5,2026-04-03T19:17:14.09042+00:00
24,112-0001,Stillwater (OK),2023-01-23,1.0,2026-04-03T19:17:14.09042+00:00
25,112-0001,Stillwater (OK),2023-01-24,0.5,2026-04-03T19:17:14.09042+00:00
26,112-0001,Stillwater (OK),2023-01-25,0.5,2026-04-03T19:17:14.09042+00:00
27,112-0001,Stillwater (OK),2023-01-26,0.5,2026-04-03T19:17:14.09042+00:00
28,112-0001,Stillwater (OK),2023-01-27,1.0,2026-04-03T19:17:14.09042+00:00
29,112-0001,Stillwater (OK),2023-01-28,0.0,2026-04-03T19:17:14.09042+00:00
30,112-0001,Stillwater (OK),2023-01-29,0.5,2026-04-03T19:17:14.09042+00:00
31,112-0001,Stillwater (OK),2023-01-30,0.0,2026-04-03T19:17:14.09042+00:00
32,112-0001,Stillwater (OK),2023-01-31,0.5,2026-04-03T19:17:14.09042+00:00
33,112-0001,Stillwater (OK),2023-02-01,1.0,2026-04-03T19:17:14.09042+00:00
34,112-0001,Stillwater (OK),2023-02-02,1.0,2026-04-03T19:17:14.09042+00:00
35,112-0001,Stillwater (OK),2023-02-03,0.0,2026-04-03T19:17:14.09042+00:00
36,112-0001,Stillwater (OK),2023-02-04,0.5,2026-04-03T19:17:14.09042+00:00
37,112-0001,Stillwater (OK),2023-02-05,0.0,2026-04-03T19:17:14.09042+00:00
38,112-0001,Stillwater (OK),2023-02-06,0.0,2026-04-03T19:17:14.09042+00:00
39,112-0001,Stillwater (OK),2023-02-07,0.0,2026-04-03T19:17:14.09042+00:00
40,112-0001,Stillwater (OK),2023-02-08,0.0,2026-04-03T19:17:14.09042+00:00
41,112-0001,Stillwater (OK),2023-02-09,0.5,2026-04-03T19:17:14.09042+00:00
42,112-0001,Stillwater (OK),2023-02-10,0.0,2026-04-03T19:17:14.09042+00:00
43,112-0001,Stillwater (OK),2023-02-11,0.5,2026-04-03T19:17:14.09042+00:00
44,112-0001,Stillwater (OK),2023-02-12,0.0,2026-04-03T19:17:14.09042+00:00
45,112-0001,Stillwater (OK),2023-02-13,0.5,2026-04-03T19:17:14.09042+00:00
46,112-0001,Stillwater (OK),2023-02-14,0.5,2026-04-03T19:17:14.09042+00:00
47,112-0001,Stillwater (OK),2023-02-15,0.0,2026-04-03T19:17:14.09042+00:00
48,112-0001,Stillwater (OK),2023-02-16,0.0,2026-04-03T19:17:14.09042+00:00
49,112-0001,Stillwater (OK),2023-02-17,0.5,2026-04-03T19:17:14.09042+00:00
50,112-0001,Stillwater (OK),2023-02-18,0.5,2026-04-03T19:17:14.09042+00:00
51,112-0001,Stillwater (OK),2023-02-19,0.5,2026-04-03T19:17:14.09042+00:00
52,112-0001,Stillwater (OK),2023-02-20,0.0,2026-04-03T19:17:14.09042+00:00
53,112-0001,Stillwater (OK),2023-02-21,0.0,2026-04-03T19:17:14.09042+00:00
54,112-0001,Stillwater (OK),2023-02-22,0.0,2026-04-03T19:17:14.09042+00:00
55,112-0001,Stillwater (OK),2023-02-23,0.0,2026-04-03T19:17:14.09042+00:00
56,112-0001,Stillwater (OK),2023-02-24,0.5,2026-04-03T19:17:14.09042+00:00
57,112-0001,Stillwater (OK),2023-02-25,0.0,2026-04-03T19:17:14.09042+00:00
58,112-0001,Stillwater (OK),2023-02-26,0.0,2026-04-03T19:17:14.09042+00:00
59,112-0001,Stillwater (OK),2023-02-27,1.0,2026-04-03T19:17:14.09042+00:00
60,112-0001,Stillwater (OK),2023-02-28,0.0,2026-04-03T19:17:14.09042+00:00
61,112-0001,Stillwater (OK),2023-03-01,0.0,2026-04-03T19:17:14.09042+00:00
62,112-0001,Stillwater (OK),2023-03-02,1.0,2026-04-03T19:17:14.09042+00:00
63,112-0001,Stillwater (OK),2023-03-03,0.0,2026-04-03T19:17:14.09042+00:00
64,112-0001,Stillwater (OK),2023-03-04,0.0,2026-04-03T19:17:14.09042+00:00
65,112-0001,Stillwater (OK),2023-03-05,0.0,2026-04-03T19:17:14.09042+00:00
66,112-0001,Stillwater (OK),2023-03-06,0.5,2026-04-03T19:17:14.09042+00:00
67,112-0001,Stillwater (OK),2023-03-07,0.5,2026-04-03T19:17:14.09042+00:00
68,112-0001,Stillwater (OK),2023-03-08,0.5,2026-04-03T19:17:14.09042+00:00
69,112-0001,Stillwater (OK),2023-03-09,0.0,2026-04-03T19:17:14.09042+00:00
70,112-0001,Stillwater (OK),2023-03-10,0.0,2026-04-03T19:17:14.09042+00:00
71,112-0001,Stillwater (OK),2023-03-11,0.5,2026-04-03T19:17:14.09042+00:00
72,112-0001,Stillwater (OK),2023-03-12,0.5,2026-04-03T19:17:14.09042+00:00
73,112-0001,Stillwater (OK),2023-03-13,0.5,2026-04-03T19:17:14.09042+00:00
74,112-0001,Stillwater (OK),2023-03-14,0.5,2026-04-03T19:17:14.09042+00:00
75,112-0001,Stillwater (OK),2023-03-15,0.0,2026-04-03T19:17:14.09042+00:00
76,112-0001,Stillwater (OK),2023-03-16,0.0,2026-04-03T19:17:14.09042+00:00
77,112-0001,Stillwater (OK),2023-03-17,0.0,2026-04-03T19:17:14.09042+00:00
78,112-0001,Stillwater (OK),2023-03-18,1.0,2026-04-03T19:17:14.09042+00:00
79,112-0001,Stillwater (OK),2023-03-19,0.5,2026-04-03T19:17:14.09042+00:00
80,112-0001,Stillwater (OK),2023-03-20,0.0,2026-04-03T19:17:14.09042+00:00
81,112-0001,Stillwater (OK),2023-03-21,0.5,2026-04-03T19:17:14.09042+00:00
82,112-0001,Stillwater (OK),2023-03-22,0.0,2026-04-03T19:17:14.09042+00:00
83,112-0001,Stillwater (OK),2023-03-23,0.0,2026-04-03T19:17:14.09042+00:00
84,112-0001,Stillwater (OK),2023-03-24,0.5,2026-04-03T19:17:14.09042+00:00
85,112-0001,Stillwater (OK),2023-03-25,0.0,2026-04-03T19:17:14.09042+00:00
86,112-0001,Stillwater (OK),2023-03-26,0.0,2026-04-03T19:17:14.09042+00:00
87,112-0001,Stillwater (OK),2023-03-27,0.0,2026-04-03T19:17:14.09042+00:00
88,112-0001,Stillwater (OK),2023-03-28,0.5,2026-04-03T19:17:14.09042+00:00
89,112-0001,Stillwater (OK),2023-03-29,1.0,2026-04-03T19:17:14.09042+00:00
90,112-0001,Stillwater (OK),2023-03-30,1.0,2026-04-03T19:17:14.09042+00:00
91,112-0001,Stillwater (OK),2023-03-31,0.5,2026-04-03T19:17:14.09042+00:00
92,112-0001,Stillwater (OK),2023-04-01,0.0,2026-04-03T19:17:14.09042+00:00
93,112-0001,Stillwater (OK),2023-04-02,0.5,2026-04-03T19:17:14.09042+00:00
94,112-0001,Stillwater (OK),2023-04-03,0.5,2026-04-03T19:17:14.09042+00:00
95,112-0001,Stillwater (OK),2023-04-04,1.0,2026-04-03T19:17:14.09042+00:00
96,112-0001,Stillwater (OK),2023-04-05,0.5,2026-04-03T19:17:14.09042+00:00
97,112-0001,Stillwater (OK),2023-04-06,1.0,2026-04-03T19:17:14.09042+00:00
98,112-0001,Stillwater (OK),2023-04-07,0.0,2026-04-03T19:17:14.09042+00:00
99,112-0001,Stillwater (OK),2023-04-08,0.5,2026-04-03T19:17:14.09042+00:00
100,112-0001,Stillwater (OK),2023-04-09,1.0,2026-04-03T19:17:14.09042+00:00
101,112-0001,Stillwater (OK),2023-04-10,0.0,2026-04-03T19:17:14.09042+00:00
102,112-0001,Stillwater (OK),2023-04-11,1.0,2026-04-03T19:17:14.09042+00:00
103,112-0001,Stillwater (OK),2023-04-12,0.5,2026-04-03T19:17:14.09042+00:00
104,112-0001,Stillwater (OK),2023-04-13,0.5,2026-04-03T19:17:14.09042+00:00
105,112-0001,Stillwater (OK),2023-04-14,0.0,2026-04-03T19:17:14.09042+00:00
106,112-0001,Stillwater (OK),2023-04-15,0.5,2026-04-03T19:17:14.09042+00:00
107,112-0001,Stillwater (OK),2023-04-16,0.0,2026-04-03T19:17:14.09042+00:00
108,112-0001,Stillwater (OK),2023-04-17,0.5,2026-04-03T19:17:14.09042+00:00
109,112-0001,Stillwater (OK),2023-04-18,0.5,2026-04-03T19:17:14.09042+00:00
110,112-0001,Stillwater (OK),2023-04-19,0.0,2026-04-03T19:17:14.09042+00:00
111,112-0001,Stillwater (OK),2023-04-20,0.0,2026-04-03T19:17:14.09042+00:00
112,112-0001,Stillwater (OK),2023-04-21,0.5,2026-04-03T19:17:14.09042+00:00
113,112-0001,Stillwater (OK),2023-04-22,0.5,2026-04-03T19:17:14.09042+00:00
114,112-0001,Stillwater (OK),2023-04-23,0.5,2026-04-03T19:17:14.09042+00:00
115,112-0001,Stillwater (OK),2023-04-24,0.5,2026-04-03T19:17:14.09042+00:00
116,112-0001,Stillwater (OK),2023-04-25,0.5,2026-04-03T19:17:14.09042+00:00
117,112-0001,Stillwater (OK),2023-04-26,1.0,2026-04-03T19:17:14.09042+00:00
118,112-0001,Stillwater (OK),2023-04-27,0.5,2026-04-03T19:17:14.09042+00:00
119,112-0001,Stillwater (OK),2023-04-28,0.5,2026-04-03T19:17:14.09042+00:00
120,112-0001,Stillwater (OK),2023-04-29,0.0,2026-04-03T19:17:14.09042+00:00
121,112-0001,Stillwater (OK),2023-04-30,0.0,2026-04-03T19:17:14.09042+00:00
122,112-0001,Stillwater (OK),2023-05-01,0.0,2026-04-03T19:17:14.09042+00:00
123,112-0001,Stillwater (OK),2023-05-02,1.0,2026-04-03T19:17:14.09042+00:00
124,112-0001,Stillwater (OK),2023-05-03,0.5,2026-04-03T19:17:14.09042+00:00
125,112-0001,Stillwater (OK),2023-05-04,0.0,2026-04-03T19:17:14.09042+00:00
126,112-0001,Stillwater (OK),2023-05-05,1.0,2026-04-03T19:17:14.09042+00:00
127,112-0001,Stillwater (OK),2023-05-06,1.0,2026-04-03T19:17:14.09042+00:00
128,112-0001,Stillwater (OK),2023-05-07,0.0,2026-04-03T19:17:14.09042+00:00
129,112-0001,Stillwater (OK),2023-05-08,0.0,2026-04-03T19:17:14.09042+00:00
130,112-0001,Stillwater (OK),2023-05-09,0.0,2026-04-03T19:17:14.09042+00:00
131,112-0001,Stillwater (OK),2023-05-10,1.0,2026-04-03T19:17:14.09042+00:00
132,112-0001,Stillwater (OK),2023-05-11,1.0,2026-04-03T19:17:14.09042+00:00
133,112-0001,Stillwater (OK),2023-05-12,1.0,2026-04-03T19:17:14.09042+00:00
134,112-0001,Stillwater (OK),2023-05-13,0.5,2026-04-03T19:17:14.09042+00:00
135,112-0001,Stillwater (OK),2023-05-14,0.5,2026-04-03T19:17:14.09042+00:00
136,112-0001,Stillwater (OK),2023-05-15,0.5,2026-04-03T19:17:14.09042+00:00
137,112-0001,Stillwater (OK),2023-05-16,1.0,2026-04-03T19:17:14.09042+00:00
138,112-0001,Stillwater (OK),2023-05-17,0.5,2026-04-03T19:17:14.09042+00:00
139,112-0001,Stillwater (OK),2023-05-18,1.0,2026-04-03T19:17:14.09042+00:00
140,112-0001,Stillwater (OK),2023-05-19,1.0,2026-04-03T19:17:14.09042+00:00
141,112-0001,Stillwater (OK),2023-05-20,0.5,2026-04-03T19:17:14.09042+00:00
142,112-0001,Stillwater (OK),2023-05-21,0.5,2026-04-03T19:17:14.09042+00:00
143,112-0001,Stillwater (OK),2023-05-22,0.0,2026-04-03T19:17:14.09042+00:00
144,112-0001,Stillwater (OK),2023-05-23,0.5,2026-04-03T19:17:14.09042+00:00
145,112-0001,Stillwater (OK),2023-05-24,1.0,2026-04-03T19:17:14.09042+00:00
146,112-0001,Stillwater (OK),2023-05-25,0.5,2026-04-03T19:17:14.09042+00:00
147,112-0001,Stillwater (OK),2023-05-26,1.0,2026-04-03T19:17:14.09042+00:00
148,112-0001,Stillwater (OK),2023-05-27,1.0,2026-04-03T19:17:14.09042+00:00
149,112-0001,Stillwater (OK),2023-05-28,1.0,2026-04-03T19:17:14.09042+00:00
150,112-0001,Stillwater (OK),2023-05-29,1.0,2026-04-03T19:17:14.09042+00:00
151,112-0001,Stillwater (OK),2023-05-30,1.0,2026-04-03T19:17:14.09042+00:00
152,112-0001,Stillwater (OK),2023-05-31,1.0,2026-04-03T19:17:14.09042+00:00
153,112-0001,Stillwater (OK),2023-06-01,1.0,2026-04-03T19:17:14.09042+00:00
154,112-0001,Stillwater (OK),2023-06-02,1.0,2026-04-03T19:17:14.09042+00:00
155,112-0001,Stillwater (OK),2023-06-03,1.0,2026-04-03T19:17:14.09042+00:00
156,112-0001,Stillwater (OK),2023-06-04,0.0,2026-04-03T19:17:14.09042+00:00
157,112-0001,Stillwater (OK),2023-06-05,0.5,2026-04-03T19:17:14.09042+00:00
158,112-0001,Stillwater (OK),2023-06-06,1.0,2026-04-03T19:17:14.09042+00:00
159,112-0001,Stillwater (OK),2023-06-07,0.0,2026-04-03T19:17:14.09042+00:00
160,112-0001,Stillwater (OK),2023-06-08,1.0,2026-04-03T19:17:14.09042+00:00
161,112-0001,Stillwater (OK),2023-06-09,0.5,2026-04-03T19:17:14.09042+00:00
162,112-0001,Stillwater (OK),2023-06-10,0.5,2026-04-03T19:17:14.09042+00:00
163,112-0001,Stillwater (OK),2023-06-11,0.5,2026-04-03T19:17:14.09042+00:00
164,112-0001,Stillwater (OK),2023-06-12,0.0,2026-04-03T19:17:14.09042+00:00
165,112-0001,Stillwater (OK),2023-06-13,0.5,2026-04-03T19:17:14.09042+00:00
166,112-0001,Stillwater (OK),2023-06-14,0.0,2026-04-03T19:17:14.09042+00:00
167,112-0001,Stillwater (OK),2023-06-15,0.0,2026-04-03T19:17:14.09042+00:00
168,112-0001,Stillwater (OK),2023-06-16,1.0,2026-04-03T19:17:14.09042+00:00
169,112-0001,Stillwater (OK),2023-06-17,0.0,2026-04-03T19:17:14.09042+00:00
170,112-0001,Stillwater (OK),2023-06-18,1.0,2026-04-03T19:17:14.09042+00:00
171,112-0001,Stillwater (OK),2023-06-19,0.0,2026-04-03T19:17:14.09042+00:00
172,112-0001,Stillwater (OK),2023-06-20,0.5,2026-04-03T19:17:14.09042+00:00
173,112-0001,Stillwater (OK),2023-06-21,0.5,2026-04-03T19:17:14.09042+00:00
174,112-0001,Stillwater (OK),2023-06-22,1.0,2026-04-03T19:17:14.09042+00:00
175,112-0001,Stillwater (OK),2023-06-23,0.5,2026-04-03T19:17:14.09042+00:00
176,112-0001,Stillwater (OK),2023-06-24,0.5,2026-04-03T19:17:14.09042+00:00
177,112-0001,Stillwater (OK),2023-06-25,1.0,2026-04-03T19:17:14.09042+00:00
178,112-0001,Stillwater (OK),2023-06-26,0.5,2026-04-03T19:17:14.09042+00:00
179,112-0001,Stillwater (OK),2023-06-27,0.0,2026-04-03T19:17:14.09042+00:00
180,112-0001,Stillwater (OK),2023-06-28,0.0,2026-04-03T19:17:14.09042+00:00
181,112-0001,Stillwater (OK),2023-06-29,0.0,2026-04-03T19:17:14.09042+00:00
182,112-0001,Stillwater (OK),2023-06-30,0.5,2026-04-03T19:17:14.09042+00:00
183,112-0001,Stillwater (OK),2023-07-01,0.5,2026-04-03T19:17:14.09042+00:00
184,112-0001,Stillwater (OK),2023-07-02,0.5,2026-04-03T19:17:14.09042+00:00
185,112-0001,Stillwater (OK),2023-07-03,0.0,2026-04-03T19:17:14.09042+00:00
186,112-0001,Stillwater (OK),2023-07-04,0.5,2026-04-03T19:17:14.09042+00:00
187,112-0001,Stillwater (OK),2023-07-05,0.0,2026-04-03T19:17:14.09042+00:00
188,112-0001,Stillwater (OK),2023-07-06,0.0,2026-04-03T19:17:14.09042+00:00
189,112-0001,Stillwater (OK),2023-07-07,0.0,2026-04-03T19:17:14.09042+00:00
190,112-0001,Stillwater (OK),2023-07-08,1.0,2026-04-03T19:17:14.09042+00:00
191,112-0001,Stillwater (OK),2023-07-09,0.5,2026-04-03T19:17:14.09042+00:00
192,112-0001,Stillwater (OK),2023-07-10,0.5,2026-04-03T19:17:14.09042+00:00
193,112-0001,Stillwater (OK),2023-07-11,0.5,2026-04-03T19:17:14.09042+00:00
194,112-0001,Stillwater (OK),2023-07-12,0.0,2026-04-03T19:17:14.09042+00:00
195,112-0001,Stillwater (OK),2023-07-13,0.5,2026-04-03T19:17:14.09042+00:00
196,112-0001,Stillwater (OK),2023-07-14,0.5,2026-04-03T19:17:14.09042+00:00
197,112-0001,Stillwater (OK),2023-07-15,0.0,2026-04-03T19:17:14.09042+00:00
198,112-0001,Stillwater (OK),2023-07-16,0.5,2026-04-03T19:17:14.09042+00:00
199,112-0001,Stillwater (OK),2023-07-17,0.0,2026-04-03T19:17:14.09042+00:00
200,112-0001,Stillwater (OK),2023-07-18,0.0,2026-04-03T19:17:14.09042+00:00
201,112-0001,Stillwater (OK),2023-07-19,0.0,2026-04-03T19:17:14.09042+00:00
202,112-0001,Stillwater (OK),2023-07-20,0.0,2026-04-03T19:17:14.09042+00:00
203,112-0001,Stillwater (OK),2023-07-21,0.5,2026-04-03T19:17:14.09042+00:00
204,112-0001,Stillwater (OK),2023-07-22,0.5,2026-04-03T19:17:14.09042+00:00
205,112-0001,Stillwater (OK),2023-07-23,0.0,2026-04-03T19:17:14.09042+00:00
206,112-0001,Stillwater (OK),2023-07-24,0.5,2026-04-03T19:17:14.09042+00:00
207,112-0001,Stillwater (OK),2023-07-25,0.5,2026-04-03T19:17:14.09042+00:00
208,112-0001,Stillwater (OK),2023-07-26,0.5,2026-04-03T19:17:14.09042+00:00
209,112-0001,Stillwater (OK),2023-07-27,0.5,2026-04-03T19:17:14.09042+00:00
210,112-0001,Stillwater (OK),2023-07-28,0.0,2026-04-03T19:17:14.09042+00:00
211,112-0001,Stillwater (OK),2023-07-29,1.0,2026-04-03T19:17:14.09042+00:00
212,112-0001,Stillwater (OK),2023-07-30,0.0,2026-04-03T19:17:14.09042+00:00
213,112-0001,Stillwater (OK),2023-07-31,0.5,2026-04-03T19:17:14.09042+00:00
214,112-0001,Stillwater (OK),2023-08-01,0.5,2026-04-03T19:17:14.09042+00:00
215,112-0001,Stillwater (OK),2023-08-02,0.0,2026-04-03T19:17:14.09042+00:00
216,112-0001,Stillwater (OK),2023-08-03,0.0,2026-04-03T19:17:14.09042+00:00
217,112-0001,Stillwater (OK),2023-08-04,0.5,2026-04-03T19:17:14.09042+00:00
218,112-0001,Stillwater (OK),2023-08-05,0.5,2026-04-03T19:17:14.09042+00:00
219,112-0001,Stillwater (OK),2023-08-06,0.5,2026-04-03T19:17:14.09042+00:00
220,112-0001,Stillwater (OK),2023-08-07,0.0,2026-04-03T19:17:14.09042+00:00
221,112-0001,Stillwater (OK),2023-08-08,0.0,2026-04-03T19:17:14.09042+00:00
222,112-0001,Stillwater (OK),2023-08-09,0.0,2026-04-03T19:17:14.09042+00:00
223,112-0001,Stillwater (OK),2023-08-10,0.5,2026-04-03T19:17:14.09042+00:00
224,112-0001,Stillwater (OK),2023-08-11,0.0,2026-04-03T19:17:14.09042+00:00
225,112-0001,Stillwater (OK),2023-08-12,0.0,2026-04-03T19:17:14.09042+00:00
226,112-0001,Stillwater (OK),2023-08-13,0.5,2026-04-03T19:17:14.09042+00:00
227,112-0001,Stillwater (OK),2023-08-14,0.0,2026-04-03T19:17:14.09042+00:00
228,112-0001,Stillwater (OK),2023-08-15,0.0,2026-04-03T19:17:14.09042+00:00
229,112-0001,Stillwater (OK),2023-08-16,0.0,2026-04-03T19:17:14.09042+00:00
230,112-0001,Stillwater (OK),2023-08-17,0.0,2026-04-03T19:17:14.09042+00:00
231,112-0001,Stillwater (OK),2023-08-18,0.0,2026-04-03T19:17:14.09042+00:00
232,112-0001,Stillwater (OK),2023-08-19,0.5,2026-04-03T19:17:14.09042+00:00
233,112-0001,Stillwater (OK),2023-08-20,0.0,2026-04-03T19:17:14.09042+00:00
234,112-0001,Stillwater (OK),2023-08-21,0.5,2026-04-03T19:17:14.09042+00:00
235,112-0001,Stillwater (OK),2023-08-22,1.0,2026-04-03T19:17:14.09042+00:00
236,112-0001,Stillwater (OK),2023-08-23,0.5,2026-04-03T19:17:14.09042+00:00
237,112-0001,Stillwater (OK),2023-08-24,0.5,2026-04-03T19:17:14.09042+00:00
238,112-0001,Stillwater (OK),2023-08-25,0.0,2026-04-03T19:17:14.09042+00:00
239,112-0001,Stillwater (OK),2023-08-26,0.0,2026-04-03T19:17:14.09042+00:00
240,112-0001,Stillwater (OK),2023-08-27,0.0,2026-04-03T19:17:14.09042+00:00
241,112-0001,Stillwater (OK),2023-08-28,0.5,2026-04-03T19:17:14.09042+00:00
242,112-0001,Stillwater (OK),2023-08-29,0.5,2026-04-03T19:17:14.09042+00:00
243,112-0001,Stillwater (OK),2023-08-30,0.0,2026-04-03T19:17:14.09042+00:00
244,112-0001,Stillwater (OK),2023-08-31,0.0,2026-04-03T19:17:14.09042+00:00
245,112-0001,Stillwater (OK),2023-09-01,0.5,2026-04-03T19:17:14.09042+00:00
246,112-0001,Stillwater (OK),2023-09-02,0.0,2026-04-03T19:17:14.09042+00:00
247,112-0001,Stillwater (OK),2023-09-03,0.0,2026-04-03T19:17:14.09042+00:00
248,112-0001,Stillwater (OK),2023-09-04,0.0,2026-04-03T19:17:14.09042+00:00
249,112-0001,Stillwater (OK),2023-09-05,0.0,2026-04-03T19:17:14.09042+00:00
250,112-0001,Stillwater (OK),2023-09-06,0.0,2026-04-03T19:17:14.09042+00:00
251,112-0001,Stillwater (OK),2023-09-07,1.0,2026-04-03T19:17:14.09042+00:00
252,112-0001,Stillwater (OK),2023-09-08,0.5,2026-04-03T19:17:14.09042+00:00
253,112-0001,Stillwater (OK),2023-09-09,0.0,2026-04-03T19:17:14.09042+00:00
254,112-0001,Stillwater (OK),2023-09-10,0.5,2026-04-03T19:17:14.09042+00:00
255,112-0001,Stillwater (OK),2023-09-11,0.5,2026-04-03T19:17:14.09042+00:00
256,112-0001,Stillwater (OK),2023-09-12,0.5,2026-04-03T19:17:14.09042+00:00
257,112-0001,Stillwater (OK),2023-09-13,1.0,2026-04-03T19:17:14.09042+00:00
258,112-0001,Stillwater (OK),2023-09-14,0.5,2026-04-03T19:17:14.09042+00:00
259,112-0001,Stillwater (OK),2023-09-15,0.5,2026-04-03T19:17:14.09042+00:00
260,112-0001,Stillwater (OK),2023-09-16,0.0,2026-04-03T19:17:14.09042+00:00
261,112-0001,Stillwater (OK),2023-09-17,0.0,2026-04-03T19:17:14.09042+00:00
262,112-0001,Stillwater (OK),2023-09-18,0.0,2026-04-03T19:17:14.09042+00:00
263,112-0001,Stillwater (OK),2023-09-19,1.0,2026-04-03T19:17:14.09042+00:00
264,112-0001,Stillwater (OK),2023-09-20,0.5,2026-04-03T19:17:14.09042+00:00
265,112-0001,Stillwater (OK),2023-09-21,0.5,2026-04-03T19:17:14.09042+00:00
266,112-0001,Stillwater (OK),2023-09-22,0.5,2026-04-03T19:17:14.09042+00:00
267,112-0001,Stillwater (OK),2023-09-23,0.5,2026-04-03T19:17:14.09042+00:00
268,112-0001,Stillwater (OK),2023-09-24,0.5,2026-04-03T19:17:14.09042+00:00
269,112-0001,Stillwater (OK),2023-09-25,0.5,2026-04-03T19:17:14.09042+00:00
270,112-0001,Stillwater (OK),2023-09-26,1.0,2026-04-03T19:17:14.09042+00:00
271,112-0001,Stillwater (OK),2023-09-27,0.5,2026-04-03T19:17:14.09042+00:00
272,112-0001,Stillwater (OK),2023-09-28,0.5,2026-04-03T19:17:14.09042+00:00
273,112-0001,Stillwater (OK),2023-09-29,0.0,2026-04-03T19:17:14.09042+00:00
274,112-0001,Stillwater (OK),2023-09-30,0.0,2026-04-03T19:17:14.09042+00:00
275,112-0001,Stillwater (OK),2023-10-01,0.0,2026-04-03T19:17:14.09042+00:00
276,112-0001,Stillwater (OK),2023-10-02,0.5,2026-04-03T19:17:14.09042+00:00
277,112-0001,Stillwater (OK),2023-10-03,0.5,2026-04-03T19:17:14.09042+00:00
278,112-0001,Stillwater (OK),2023-10-04,0.5,2026-04-03T19:17:14.09042+00:00
279,112-0001,Stillwater (OK),2023-10-05,0.5,2026-04-03T19:17:14.09042+00:00
280,112-0001,Stillwater (OK),2023-10-06,0.0,2026-04-03T19:17:14.09042+00:00
281,112-0001,Stillwater (OK),2023-10-07,0.0,2026-04-03T19:17:14.09042+00:00
282,112-0001,Stillwater (OK),2023-10-08,0.5,2026-04-03T19:17:14.09042+00:00
283,112-0001,Stillwater (OK),2023-10-09,0.0,2026-04-03T19:17:14.09042+00:00
284,112-0001,Stillwater (OK),2023-10-10,0.5,2026-04-03T19:17:14.09042+00:00
285,112-0001,Stillwater (OK),2023-10-11,0.5,2026-04-03T19:17:14.09042+00:00
286,112-0001,Stillwater (OK),2023-10-12,0.0,2026-04-03T19:17:14.09042+00:00
287,112-0001,Stillwater (OK),2023-10-13,0.0,2026-04-03T19:17:14.09042+00:00
288,112-0001,Stillwater (OK),2023-10-14,0.0,2026-04-03T19:17:14.09042+00:00
289,112-0001,Stillwater (OK),2023-10-15,0.0,2026-04-03T19:17:14.09042+00:00
290,112-0001,Stillwater (OK),2023-10-16,0.5,2026-04-03T19:17:14.09042+00:00
291,112-0001,Stillwater (OK),2023-10-17,0.0,2026-04-03T19:17:14.09042+00:00
292,112-0001,Stillwater (OK),2023-10-18,0.5,2026-04-03T19:17:14.09042+00:00
293,112-0001,Stillwater (OK),2023-10-19,0.0,2026-04-03T19:17:14.09042+00:00
294,112-0001,Stillwater (OK),2023-10-20,0.0,2026-04-03T19:17:14.09042+00:00
295,112-0001,Stillwater (OK),2023-10-21,0.0,2026-04-03T19:17:14.09042+00:00
296,112-0001,Stillwater (OK),2023-10-22,0.5,2026-04-03T19:17:14.09042+00:00
297,112-0001,Stillwater (OK),2023-10-23,0.5,2026-04-03T19:17:14.09042+00:00
298,112-0001,Stillwater (OK),2023-10-24,0.0,2026-04-03T19:17:14.09042+00:00
299,112-0001,Stillwater (OK),2023-10-25,0.5,2026-04-03T19:17:14.09042+00:00
300,112-0001,Stillwater (OK),2023-10-26,0.5,2026-04-03T19:17:14.09042+00:00
301,112-0001,Stillwater (OK),2023-10-27,0.0,2026-04-03T19:17:14.09042+00:00
302,112-0001,Stillwater (OK),2023-10-28,0.0,2026-04-03T19:17:14.09042+00:00
303,112-0001,Stillwater (OK),2023-10-29,0.0,2026-04-03T19:17:14.09042+00:00
304,112-0001,Stillwater (OK),2023-10-30,0.5,2026-04-03T19:17:14.09042+00:00
305,112-0001,Stillwater (OK),2023-10-31,0.0,2026-04-03T19:17:14.09042+00:00
306,112-0001,Stillwater (OK),2023-11-01,1.0,2026-04-03T19:17:14.09042+00:00
307,112-0001,Stillwater (OK),2023-11-02,0.0,2026-04-03T19:17:14.09042+00:00
308,112-0001,Stillwater (OK),2023-11-03,0.5,2026-04-03T19:17:14.09042+00:00
309,112-0001,Stillwater (OK),2023-11-04,0.5,2026-04-03T19:17:14.09042+00:00
310,112-0001,Stillwater (OK),2023-11-05,0.0,2026-04-03T19:17:14.09042+00:00
311,112-0001,Stillwater (OK),2023-11-06,0.5,2026-04-03T19:17:14.09042+00:00
312,112-0001,Stillwater (OK),2023-11-07,0.0,2026-04-03T19:17:14.09042+00:00
313,112-0001,Stillwater (OK),2023-11-08,0.5,2026-04-03T19:17:14.09042+00:00
314,112-0001,Stillwater (OK),2023-11-09,0.0,2026-04-03T19:17:14.09042+00:00
315,112-0001,Stillwater (OK),2023-11-10,0.0,2026-04-03T19:17:14.09042+00:00
316,112-0001,Stillwater (OK),2023-11-11,0.5,2026-04-03T19:17:14.09042+00:00
317,112-0001,Stillwater (OK),2023-11-12,0.5,2026-04-03T19:17:14.09042+00:00
318,112-0001,Stillwater (OK),2023-11-13,0.0,2026-04-03T19:17:14.09042+00:00
319,112-0001,Stillwater (OK),2023-11-14,0.5,2026-04-03T19:17:14.09042+00:00
320,112-0001,Stillwater (OK),2023-11-15,0.0,2026-04-03T19:17:14.09042+00:00
321,112-0001,Stillwater (OK),2023-11-16,0.5,2026-04-03T19:17:14.09042+00:00
322,112-0001,Stillwater (OK),2023-11-17,0.5,2026-04-03T19:17:14.09042+00:00
323,112-0001,Stillwater (OK),2023-11-18,0.0,2026-04-03T19:17:14.09042+00:00
324,112-0001,Stillwater (OK),2023-11-19,0.5,2026-04-03T19:17:14.09042+00:00
325,112-0001,Stillwater (OK),2023-11-20,0.0,2026-04-03T19:17:14.09042+00:00
326,112-0001,Stillwater (OK),2023-11-21,0.0,2026-04-03T19:17:14.09042+00:00
327,112-0001,Stillwater (OK),2023-11-22,0.5,2026-04-03T19:17:14.09042+00:00
328,112-0001,Stillwater (OK),2023-11-24,0.5,2026-04-03T19:17:14.09042+00:00
329,112-0001,Stillwater (OK),2023-11-25,0.0,2026-04-03T19:17:14.09042+00:00
330,112-0001,Stillwater (OK),2023-11-26,0.5,2026-04-03T19:17:14.09042+00:00
331,112-0001,Stillwater (OK),2023-11-27,0.0,2026-04-03T19:17:14.09042+00:00
332,112-0001,Stillwater (OK),2023-11-28,0.0,2026-04-03T19:17:14.09042+00:00
333,112-0001,Stillwater (OK),2023-11-29,0.0,2026-04-03T19:17:14.09042+00:00
334,112-0001,Stillwater (OK),2023-11-30,0.0,2026-04-03T19:17:14.09042+00:00
335,112-0001,Stillwater (OK),2023-12-01,0.0,2026-04-03T19:17:14.09042+00:00
336,112-0001,Stillwater (OK),2023-12-02,0.5,2026-04-03T19:17:14.09042+00:00
337,112-0001,Stillwater (OK),2023-12-03,1.0,2026-04-03T19:17:14.09042+00:00
338,112-0001,Stillwater (OK),2023-12-04,0.5,2026-04-03T19:17:14.09042+00:00
339,112-0001,Stillwater (OK),2023-12-05,0.0,2026-04-03T19:17:14.09042+00:00
340,112-0001,Stillwater (OK),2023-12-06,0.0,2026-04-03T19:17:14.09042+00:00
341,112-0001,Stillwater (OK),2023-12-07,0.0,2026-04-03T19:17:14.09042+00:00
342,112-0001,Stillwater (OK),2023-12-08,0.5,2026-04-03T19:17:14.09042+00:00
343,112-0001,Stillwater (OK),2023-12-09,0.0,2026-04-03T19:17:14.09042+00:00
344,112-0001,Stillwater (OK),2023-12-10,1.0,2026-04-03T19:17:14.09042+00:00
345,112-0001,Stillwater (OK),2023-12-11,1.0,2026-04-03T19:17:14.09042+00:00
346,112-0001,Stillwater (OK),2023-12-12,0.5,2026-04-03T19:17:14.09042+00:00
347,112-0001,Stillwater (OK),2023-12-13,0.5,2026-04-03T19:17:14.09042+00:00
348,112-0001,Stillwater (OK),2023-12-14,0.0,2026-04-03T19:17:14.09042+00:00
349,112-0001,Stillwater (OK),2023-12-15,1.0,2026-04-03T19:17:14.09042+00:00
350,112-0001,Stillwater (OK),2023-12-16,0.0,2026-04-03T19:17:14.09042+00:00
351,112-0001,Stillwater (OK),2023-12-17,0.5,2026-04-03T19:17:14.09042+00:00
352,112-0001,Stillwater (OK),2023-12-18,0.5,2026-04-03T19:17:14.09042+00:00
353,112-0001,Stillwater (OK),2023-12-19,0.5,2026-04-03T19:17:14.09042+00:00
354,112-0001,Stillwater (OK),2023-12-20,0.0,2026-04-03T19:17:14.09042+00:00
355,112-0001,Stillwater (OK),2023-12-21,0.5,2026-04-03T19:17:14.09042+00:00
356,112-0001,Stillwater (OK),2023-12-22,0.0,2026-04-03T19:17:14.09042+00:00
357,112-0001,Stillwater (OK),2023-12-23,0.5,2026-04-03T19:17:14.09042+00:00
358,112-0001,Stillwater (OK),2023-12-24,1.0,2026-04-03T19:17:14.09042+00:00
359,112-0001,Stillwater (OK),2023-12-26,0.5,2026-04-03T19:17:14.09042+00:00
360,112-0001,Stillwater (OK),2023-12-27,0.5,2026-04-03T19:17:14.09042+00:00
361,112-0001,Stillwater (OK),2023-12-28,0.5,2026-04-03T19:17:14.09042+00:00
362,112-0001,Stillwater (OK),2023-12-29,0.5,2026-04-03T19:17:14.09042+00:00
363,112-0001,Stillwater (OK),2023-12-30,0.5,2026-04-03T19:17:14.09042+00:00
364,112-0001,Stillwater (OK),2023-12-31,0.5,2026-04-03T19:17:14.09042+00:00
365,112-0001,Stillwater (OK),2024-01-01,0.0,2026-04-03T19:17:14.09042+00:00
366,112-0001,Stillwater (OK),2024-01-02,0.5,2026-04-03T19:17:14.09042+00:00
367,112-0001,Stillwater (OK),2024-01-03,1.0,2026-04-03T19:17:14.09042+00:00
368,112-0001,Stillwater (OK),2024-01-04,0.5,2026-04-03T19:17:14.09042+00:00
369,112-0001,Stillwater (OK),2024-01-05,0.5,2026-04-03T19:17:14.09042+00:00
370,112-0001,Stillwater (OK),2024-01-06,0.0,2026-04-03T19:17:14.09042+00:00
371,112-0001,Stillwater (OK),2024-01-07,1.0,2026-04-03T19:17:14.09042+00:00
372,112-0001,Stillwater (OK),2024-01-08,0.0,2026-04-03T19:17:14.09042+00:00
373,112-0001,Stillwater (OK),2024-01-09,0.0,2026-04-03T19:17:14.09042+00:00
374,112-0001,Stillwater (OK),2024-01-10,1.0,2026-04-03T19:17:14.09042+00:00
375,112-0001,Stillwater (OK),2024-01-11,0.5,2026-04-03T19:17:14.09042+00:00
376,112-0001,Stillwater (OK),2024-01-12,0.5,2026-04-03T19:17:14.09042+00:00
377,112-0001,Stillwater (OK),2024-01-13,0.5,2026-04-03T19:17:14.09042+00:00
378,112-0001,Stillwater (OK),2024-01-14,0.5,2026-04-03T19:17:14.09042+00:00
379,112-0001,Stillwater (OK),2024-01-15,0.5,2026-04-03T19:17:14.09042+00:00
380,112-0001,Stillwater (OK),2024-01-16,1.0,2026-04-03T19:17:14.09042+00:00
381,112-0001,Stillwater (OK),2024-01-17,0.5,2026-04-03T19:17:14.09042+00:00
382,112-0001,Stillwater (OK),2024-01-18,0.0,2026-04-03T19:17:14.09042+00:00
383,112-0001,Stillwater (OK),2024-01-19,0.0,2026-04-03T19:17:14.09042+00:00
384,112-0001,Stillwater (OK),2024-01-20,0.5,2026-04-03T19:17:14.09042+00:00
385,112-0001,Stillwater (OK),2024-01-21,0.0,2026-04-03T19:17:14.09042+00:00
386,112-0001,Stillwater (OK),2024-01-22,0.0,2026-04-03T19:17:14.09042+00:00
387,112-0001,Stillwater (OK),2024-01-23,0.5,2026-04-03T19:17:14.09042+00:00
388,112-0001,Stillwater (OK),2024-01-24,0.5,2026-04-03T19:17:14.09042+00:00
389,112-0001,Stillwater (OK),2024-01-25,0.5,2026-04-03T19:17:14.09042+00:00
390,112-0001,Stillwater (OK),2024-01-26,0.0,2026-04-03T19:17:14.09042+00:00
391,112-0001,Stillwater (OK),2024-01-27,0.0,2026-04-03T19:17:14.09042+00:00
392,112-0001,Stillwater (OK),2024-01-28,0.5,2026-04-03T19:17:14.09042+00:00
393,112-0001,Stillwater (OK),2024-01-29,0.0,2026-04-03T19:17:14.09042+00:00
394,112-0001,Stillwater (OK),2024-01-30,0.5,2026-04-03T19:17:14.09042+00:00
395,112-0001,Stillwater (OK),2024-01-31,0.0,2026-04-03T19:17:14.09042+00:00
396,112-0001,Stillwater (OK),2024-02-01,0.0,2026-04-03T19:17:14.09042+00:00
397,112-0001,Stillwater (OK),2024-02-02,1.0,2026-04-03T19:17:14.09042+00:00
398,112-0001,Stillwater (OK),2024-02-03,0.0,2026-04-03T19:17:14.09042+00:00
399,112-0001,Stillwater (OK),2024-02-04,1.0,2026-04-03T19:17:14.09042+00:00
400,112-0001,Stillwater (OK),2024-02-05,1.0,2026-04-03T19:17:14.09042+00:00
401,112-0001,Stillwater (OK),2024-02-06,0.5,2026-04-03T19:17:14.09042+00:00
402,112-0001,Stillwater (OK),2024-02-07,0.5,2026-04-03T19:17:14.09042+00:00
403,112-0001,Stillwater (OK),2024-02-08,0.0,2026-04-03T19:17:14.09042+00:00
404,112-0001,Stillwater (OK),2024-02-09,0.5,2026-04-03T19:17:14.09042+00:00
405,112-0001,Stillwater (OK),2024-02-10,1.0,2026-04-03T19:17:14.09042+00:00
406,112-0001,Stillwater (OK),2024-02-11,0.5,2026-04-03T19:17:14.09042+00:00
407,112-0001,Stillwater (OK),2024-02-12,0.5,2026-04-03T19:17:14.09042+00:00
408,112-0001,Stillwater (OK),2024-02-13,0.0,2026-04-03T19:17:14.09042+00:00
409,112-0001,Stillwater (OK),2024-02-14,0.5,2026-04-03T19:17:14.09042+00:00
410,112-0001,Stillwater (OK),2024-02-15,0.5,2026-04-03T19:17:14.09042+00:00
411,112-0001,Stillwater (OK),2024-02-16,1.0,2026-04-03T19:17:14.09042+00:00
412,112-0001,Stillwater (OK),2024-02-17,1.0,2026-04-03T19:17:14.09042+00:00
413,112-0001,Stillwater (OK),2024-02-18,0.5,2026-04-03T19:17:14.09042+00:00
414,112-0001,Stillwater (OK),2024-02-19,0.5,2026-04-03T19:17:14.09042+00:00
415,112-0001,Stillwater (OK),2024-02-20,0.5,2026-04-03T19:17:14.09042+00:00
416,112-0001,Stillwater (OK),2024-02-21,0.5,2026-04-03T19:17:14.09042+00:00
417,112-0001,Stillwater (OK),2024-02-22,1.0,2026-04-03T19:17:14.09042+00:00
418,112-0001,Stillwater (OK),2024-02-23,0.5,2026-04-03T19:17:14.09042+00:00
419,112-0001,Stillwater (OK),2024-02-24,0.5,2026-04-03T19:17:14.09042+00:00
420,112-0001,Stillwater (OK),2024-02-25,0.5,2026-04-03T19:17:14.09042+00:00
421,112-0001,Stillwater (OK),2024-02-26,0.5,2026-04-03T19:17:14.09042+00:00
422,112-0001,Stillwater (OK),2024-02-27,0.5,2026-04-03T19:17:14.09042+00:00
423,112-0001,Stillwater (OK),2024-02-28,0.5,2026-04-03T19:17:14.09042+00:00
424,112-0001,Stillwater (OK),2024-02-29,1.0,2026-04-03T19:17:14.09042+00:00
425,112-0001,Stillwater (OK),2024-03-01,0.0,2026-04-03T19:17:14.09042+00:00
426,112-0001,Stillwater (OK),2024-03-02,0.5,2026-04-03T19:17:14.09042+00:00
427,112-0001,Stillwater (OK),2024-03-03,1.0,2026-04-03T19:17:14.09042+00:00
428,112-0001,Stillwater (OK),2024-03-04,1.0,2026-04-03T19:17:14.09042+00:00
429,112-0001,Stillwater (OK),2024-03-05,0.5,2026-04-03T19:17:14.09042+00:00
430,112-0001,Stillwater (OK),2024-03-06,0.5,2026-04-03T19:17:14.09042+00:00
431,112-0001,Stillwater (OK),2024-03-07,0.0,2026-04-03T19:17:14.09042+00:00
432,112-0001,Stillwater (OK),2024-03-08,0.5,2026-04-03T19:17:14.09042+00:00
433,112-0001,Stillwater (OK),2024-03-09,0.5,2026-04-03T19:17:14.09042+00:00
434,112-0001,Stillwater (OK),2024-03-10,1.0,2026-04-03T19:17:14.09042+00:00
435,112-0001,Stillwater (OK),2024-03-11,1.0,2026-04-03T19:17:14.09042+00:00
436,112-0001,Stillwater (OK),2024-03-12,0.5,2026-04-03T19:17:14.09042+00:00
437,112-0001,Stillwater (OK),2024-03-13,1.0,2026-04-03T19:17:14.09042+00:00
438,112-0001,Stillwater (OK),2024-03-14,0.5,2026-04-03T19:17:14.09042+00:00
439,112-0001,Stillwater (OK),2024-03-15,0.0,2026-04-03T19:17:14.09042+00:00
440,112-0001,Stillwater (OK),2024-03-16,1.0,2026-04-03T19:17:14.09042+00:00
441,112-0001,Stillwater (OK),2024-03-17,0.0,2026-04-03T19:17:14.09042+00:00
442,112-0001,Stillwater (OK),2024-03-18,0.0,2026-04-03T19:17:14.09042+00:00
443,112-0001,Stillwater (OK),2024-03-19,1.0,2026-04-03T19:17:14.09042+00:00
444,112-0001,Stillwater (OK),2024-03-20,0.0,2026-04-03T19:17:14.09042+00:00
445,112-0001,Stillwater (OK),2024-03-21,1.0,2026-04-03T19:17:14.09042+00:00
446,112-0001,Stillwater (OK),2024-03-22,0.5,2026-04-03T19:17:14.09042+00:00
447,112-0001,Stillwater (OK),2024-03-23,0.5,2026-04-03T19:17:14.09042+00:00
448,112-0001,Stillwater (OK),2024-03-24,0.5,2026-04-03T19:17:14.09042+00:00
449,112-0001,Stillwater (OK),2024-03-25,1.0,2026-04-03T19:17:14.09042+00:00
450,112-0001,Stillwater (OK),2024-03-26,0.5,2026-04-03T19:17:14.09042+00:00
451,112-0001,Stillwater (OK),2024-03-27,0.5,2026-04-03T19:17:14.09042+00:00
452,112-0001,Stillwater (OK),2024-03-28,0.5,2026-04-03T19:17:14.09042+00:00
453,112-0001,Stillwater (OK),2024-03-29,0.0,2026-04-03T19:17:14.09042+00:00
454,112-0001,Stillwater (OK),2024-03-30,1.0,2026-04-03T19:17:14.09042+00:00
455,112-0001,Stillwater (OK),2024-03-31,0.5,2026-04-03T19:17:14.09042+00:00
456,112-0001,Stillwater (OK),2024-04-01,0.0,2026-04-03T19:17:14.09042+00:00
457,112-0001,Stillwater (OK),2024-04-02,0.5,2026-04-03T19:17:14.09042+00:00
458,112-0001,Stillwater (OK),2024-04-03,0.0,2026-04-03T19:17:14.09042+00:00
459,112-0001,Stillwater (OK),2024-04-04,0.5,2026-04-03T19:17:14.09042+00:00
460,112-0001,Stillwater (OK),2024-04-05,0.0,2026-04-03T19:17:14.09042+00:00
461,112-0001,Stillwater (OK),2024-04-06,0.0,2026-04-03T19:17:14.09042+00:00
462,112-0001,Stillwater (OK),2024-04-07,0.0,2026-04-03T19:17:14.09042+00:00
463,112-0001,Stillwater (OK),2024-04-08,0.5,2026-04-03T19:17:14.09042+00:00
464,112-0001,Stillwater (OK),2024-04-09,0.5,2026-04-03T19:17:14.09042+00:00
465,112-0001,Stillwater (OK),2024-04-10,1.0,2026-04-03T19:17:14.09042+00:00
466,112-0001,Stillwater (OK),2024-04-11,0.5,2026-04-03T19:17:14.09042+00:00
467,112-0001,Stillwater (OK),2024-04-12,1.0,2026-04-03T19:17:14.09042+00:00
468,112-0001,Stillwater (OK),2024-04-13,0.5,2026-04-03T19:17:14.09042+00:00
469,112-0001,Stillwater (OK),2024-04-14,1.0,2026-04-03T19:17:14.09042+00:00
470,112-0001,Stillwater (OK),2024-04-15,0.5,2026-04-03T19:17:14.09042+00:00
471,112-0001,Stillwater (OK),2024-04-16,0.5,2026-04-03T19:17:14.09042+00:00
472,112-0001,Stillwater (OK),2024-04-17,0.5,2026-04-03T19:17:14.09042+00:00
473,112-0001,Stillwater (OK),2024-04-18,1.0,2026-04-03T19:17:14.09042+00:00
474,112-0001,Stillwater (OK),2024-04-19,1.0,2026-04-03T19:17:14.09042+00:00
475,112-0001,Stillwater (OK),2024-04-20,1.0,2026-04-03T19:17:14.09042+00:00
476,112-0001,Stillwater (OK),2024-04-21,0.0,2026-04-03T19:17:14.09042+00:00
477,112-0001,Stillwater (OK),2024-04-22,1.0,2026-04-03T19:17:14.09042+00:00
478,112-0001,Stillwater (OK),2024-04-23,1.0,2026-04-03T19:17:14.09042+00:00
479,112-0001,Stillwater (OK),2024-04-24,0.5,2026-04-03T19:17:14.09042+00:00
480,112-0001,Stillwater (OK),2024-04-25,0.5,2026-04-03T19:17:14.09042+00:00
481,112-0001,Stillwater (OK),2024-04-26,1.0,2026-04-03T19:17:14.09042+00:00
482,112-0001,Stillwater (OK),2024-04-27,1.0,2026-04-03T19:17:14.09042+00:00
483,112-0001,Stillwater (OK),2024-04-28,0.0,2026-04-03T19:17:14.09042+00:00
484,112-0001,Stillwater (OK),2024-04-29,0.5,2026-04-03T19:17:14.09042+00:00
485,112-0001,Stillwater (OK),2024-04-30,1.0,2026-04-03T19:17:14.09042+00:00
486,112-0001,Stillwater (OK),2024-05-01,0.5,2026-04-03T19:17:14.09042+00:00
487,112-0001,Stillwater (OK),2024-05-02,0.5,2026-04-03T19:17:14.09042+00:00
488,112-0001,Stillwater (OK),2024-05-03,0.5,2026-04-03T19:17:14.09042+00:00
489,112-0001,Stillwater (OK),2024-05-04,0.0,2026-04-03T19:17:14.09042+00:00
490,112-0001,Stillwater (OK),2024-05-05,0.5,2026-04-03T19:17:14.09042+00:00
491,112-0001,Stillwater (OK),2024-05-06,0.5,2026-04-03T19:17:14.09042+00:00
492,112-0001,Stillwater (OK),2024-05-07,0.5,2026-04-03T19:17:14.09042+00:00
493,112-0001,Stillwater (OK),2024-05-08,0.5,2026-04-03T19:17:14.09042+00:00
494,112-0001,Stillwater (OK),2024-05-09,0.0,2026-04-03T19:17:14.09042+00:00
495,112-0001,Stillwater (OK),2024-05-10,1.0,2026-04-03T19:17:14.09042+00:00
496,112-0001,Stillwater (OK),2024-05-11,0.0,2026-04-03T19:17:14.09042+00:00
497,112-0001,Stillwater (OK),2024-05-12,0.5,2026-04-03T19:17:14.09042+00:00
498,112-0001,Stillwater (OK),2024-05-13,1.0,2026-04-03T19:17:14.09042+00:00
499,112-0001,Stillwater (OK),2024-05-14,0.5,2026-04-03T19:17:14.09042+00:00
500,112-0001,Stillwater (OK),2024-05-15,1.0,2026-04-03T19:17:14.09042+00:00
501,112-0001,Stillwater (OK),2024-05-16,0.5,2026-04-03T19:17:14.09042+00:00
502,112-0001,Stillwater (OK),2024-05-17,0.5,2026-04-03T19:17:14.448922+00:00
503,112-0001,Stillwater (OK),2024-05-18,1.0,2026-04-03T19:17:14.448922+00:00
504,112-0001,Stillwater (OK),2024-05-19,0.0,2026-04-03T19:17:14.448922+00:00
505,112-0001,Stillwater (OK),2024-05-20,1.0,2026-04-03T19:17:14.448922+00:00
506,112-0001,Stillwater (OK),2024-05-21,0.0,2026-04-03T19:17:14.448922+00:00
507,112-0001,Stillwater (OK),2024-05-22,1.0,2026-04-03T19:17:14.448922+00:00
508,112-0001,Stillwater (OK),2024-05-23,0.5,2026-04-03T19:17:14.448922+00:00
509,112-0001,Stillwater (OK),2024-05-24,1.0,2026-04-03T19:17:14.448922+00:00
510,112-0001,Stillwater (OK),2024-05-25,1.0,2026-04-03T19:17:14.448922+00:00
511,112-0001,Stillwater (OK),2024-05-26,1.0,2026-04-03T19:17:14.448922+00:00
512,112-0001,Stillwater (OK),2024-05-27,1.0,2026-04-03T19:17:14.448922+00:00
513,112-0001,Stillwater (OK),2024-05-28,0.5,2026-04-03T19:17:14.448922+00:00
514,112-0001,Stillwater (OK),2024-05-29,0.0,2026-04-03T19:17:14.448922+00:00
515,112-0001,Stillwater (OK),2024-05-30,0.5,2026-04-03T19:17:14.448922+00:00
516,112-0001,Stillwater (OK),2024-05-31,1.0,2026-04-03T19:17:14.448922+00:00
517,112-0001,Stillwater (OK),2024-06-01,1.0,2026-04-03T19:17:14.448922+00:00
518,112-0001,Stillwater (OK),2024-06-02,0.5,2026-04-03T19:17:14.448922+00:00
519,112-0001,Stillwater (OK),2024-06-03,0.5,2026-04-03T19:17:14.448922+00:00
520,112-0001,Stillwater (OK),2024-06-04,1.0,2026-04-03T19:17:14.448922+00:00
521,112-0001,Stillwater (OK),2024-06-05,0.5,2026-04-03T19:17:14.448922+00:00
522,112-0001,Stillwater (OK),2024-06-06,0.5,2026-04-03T19:17:14.448922+00:00
523,112-0001,Stillwater (OK),2024-06-07,1.0,2026-04-03T19:17:14.448922+00:00
524,112-0001,Stillwater (OK),2024-06-08,1.0,2026-04-03T19:17:14.448922+00:00
525,112-0001,Stillwater (OK),2024-06-09,0.5,2026-04-03T19:17:14.448922+00:00
526,112-0001,Stillwater (OK),2024-06-10,0.5,2026-04-03T19:17:14.448922+00:00
527,112-0001,Stillwater (OK),2024-06-11,0.5,2026-04-03T19:17:14.448922+00:00
528,112-0001,Stillwater (OK),2024-06-12,0.5,2026-04-03T19:17:14.448922+00:00
529,112-0001,Stillwater (OK),2024-06-13,0.0,2026-04-03T19:17:14.448922+00:00
530,112-0001,Stillwater (OK),2024-06-14,0.5,2026-04-03T19:17:14.448922+00:00
531,112-0001,Stillwater (OK),2024-06-15,1.0,2026-04-03T19:17:14.448922+00:00
532,112-0001,Stillwater (OK),2024-06-16,1.0,2026-04-03T19:17:14.448922+00:00
533,112-0001,Stillwater (OK),2024-06-17,1.0,2026-04-03T19:17:14.448922+00:00
534,112-0001,Stillwater (OK),2024-06-18,0.0,2026-04-03T19:17:14.448922+00:00
535,112-0001,Stillwater (OK),2024-06-19,1.0,2026-04-03T19:17:14.448922+00:00
536,112-0001,Stillwater (OK),2024-06-20,0.0,2026-04-03T19:17:14.448922+00:00
537,112-0001,Stillwater (OK),2024-06-21,0.5,2026-04-03T19:17:14.448922+00:00
538,112-0001,Stillwater (OK),2024-06-22,0.5,2026-04-03T19:17:14.448922+00:00
539,112-0001,Stillwater (OK),2024-06-23,0.5,2026-04-03T19:17:14.448922+00:00
540,112-0001,Stillwater (OK),2024-06-24,0.5,2026-04-03T19:17:14.448922+00:00
541,112-0001,Stillwater (OK),2024-06-25,0.5,2026-04-03T19:17:14.448922+00:00
542,112-0001,Stillwater (OK),2024-06-26,0.0,2026-04-03T19:17:14.448922+00:00
543,112-0001,Stillwater (OK),2024-06-27,0.5,2026-04-03T19:17:14.448922+00:00
544,112-0001,Stillwater (OK),2024-06-28,0.5,2026-04-03T19:17:14.448922+00:00
545,112-0001,Stillwater (OK),2024-06-29,0.5,2026-04-03T19:17:14.448922+00:00
546,112-0001,Stillwater (OK),2024-06-30,0.5,2026-04-03T19:17:14.448922+00:00
547,112-0001,Stillwater (OK),2024-07-01,0.5,2026-04-03T19:17:14.448922+00:00
548,112-0001,Stillwater (OK),2024-07-02,0.5,2026-04-03T19:17:14.448922+00:00
549,112-0001,Stillwater (OK),2024-07-03,1.0,2026-04-03T19:17:14.448922+00:00
550,112-0001,Stillwater (OK),2024-07-04,0.0,2026-04-03T19:17:14.448922+00:00
551,112-0001,Stillwater (OK),2024-07-05,0.5,2026-04-03T19:17:14.448922+00:00
552,112-0001,Stillwater (OK),2024-07-06,1.0,2026-04-03T19:17:14.448922+00:00
553,112-0001,Stillwater (OK),2024-07-07,1.0,2026-04-03T19:17:14.448922+00:00
554,112-0001,Stillwater (OK),2024-07-08,0.0,2026-04-03T19:17:14.448922+00:00
555,112-0001,Stillwater (OK),2024-07-09,0.5,2026-04-03T19:17:14.448922+00:00
556,112-0001,Stillwater (OK),2024-07-10,1.0,2026-04-03T19:17:14.448922+00:00
557,112-0001,Stillwater (OK),2024-07-11,0.5,2026-04-03T19:17:14.448922+00:00
558,112-0001,Stillwater (OK),2024-07-12,1.0,2026-04-03T19:17:14.448922+00:00
559,112-0001,Stillwater (OK),2024-07-13,1.0,2026-04-03T19:17:14.448922+00:00
560,112-0001,Stillwater (OK),2024-07-14,0.5,2026-04-03T19:17:14.448922+00:00
561,112-0001,Stillwater (OK),2024-07-15,0.5,2026-04-03T19:17:14.448922+00:00
562,112-0001,Stillwater (OK),2024-07-16,1.0,2026-04-03T19:17:14.448922+00:00
563,112-0001,Stillwater (OK),2024-07-17,0.0,2026-04-03T19:17:14.448922+00:00
564,112-0001,Stillwater (OK),2024-07-18,0.0,2026-04-03T19:17:14.448922+00:00
565,112-0001,Stillwater (OK),2024-07-19,1.0,2026-04-03T19:17:14.448922+00:00
566,112-0001,Stillwater (OK),2024-07-20,1.0,2026-04-03T19:17:14.448922+00:00
567,112-0001,Stillwater (OK),2024-07-21,1.0,2026-04-03T19:17:14.448922+00:00
568,112-0001,Stillwater (OK),2024-07-22,1.0,2026-04-03T19:17:14.448922+00:00
569,112-0001,Stillwater (OK),2024-07-23,0.5,2026-04-03T19:17:14.448922+00:00
570,112-0001,Stillwater (OK),2024-07-24,0.0,2026-04-03T19:17:14.448922+00:00
571,112-0001,Stillwater (OK),2024-07-25,0.0,2026-04-03T19:17:14.448922+00:00
572,112-0001,Stillwater (OK),2024-07-26,0.0,2026-04-03T19:17:14.448922+00:00
573,112-0001,Stillwater (OK),2024-07-27,1.0,2026-04-03T19:17:14.448922+00:00
574,112-0001,Stillwater (OK),2024-07-28,1.0,2026-04-03T19:17:14.448922+00:00
575,112-0001,Stillwater (OK),2024-07-29,1.0,2026-04-03T19:17:14.448922+00:00
576,112-0001,Stillwater (OK),2024-07-30,0.5,2026-04-03T19:17:14.448922+00:00
577,112-0001,Stillwater (OK),2024-07-31,1.0,2026-04-03T19:17:14.448922+00:00
578,112-0001,Stillwater (OK),2024-08-01,0.5,2026-04-03T19:17:14.448922+00:00
579,112-0001,Stillwater (OK),2024-08-02,1.0,2026-04-03T19:17:14.448922+00:00
580,112-0001,Stillwater (OK),2024-08-03,0.5,2026-04-03T19:17:14.448922+00:00
581,112-0001,Stillwater (OK),2024-08-04,0.5,2026-04-03T19:17:14.448922+00:00
582,112-0001,Stillwater (OK),2024-08-05,0.5,2026-04-03T19:17:14.448922+00:00
583,112-0001,Stillwater (OK),2024-08-06,0.5,2026-04-03T19:17:14.448922+00:00
584,112-0001,Stillwater (OK),2024-08-07,0.5,2026-04-03T19:17:14.448922+00:00
585,112-0001,Stillwater (OK),2024-08-08,0.5,2026-04-03T19:17:14.448922+00:00
586,112-0001,Stillwater (OK),2024-08-09,1.0,2026-04-03T19:17:14.448922+00:00
587,112-0001,Stillwater (OK),2024-08-10,0.5,2026-04-03T19:17:14.448922+00:00
588,112-0001,Stillwater (OK),2024-08-11,0.5,2026-04-03T19:17:14.448922+00:00
589,112-0001,Stillwater (OK),2024-08-12,0.0,2026-04-03T19:17:14.448922+00:00
590,112-0001,Stillwater (OK),2024-08-13,1.0,2026-04-03T19:17:14.448922+00:00
591,112-0001,Stillwater (OK),2024-08-14,1.0,2026-04-03T19:17:14.448922+00:00
592,112-0001,Stillwater (OK),2024-08-15,0.5,2026-04-03T19:17:14.448922+00:00
593,112-0001,Stillwater (OK),2024-08-16,0.5,2026-04-03T19:17:14.448922+00:00
594,112-0001,Stillwater (OK),2024-08-17,1.0,2026-04-03T19:17:14.448922+00:00
595,112-0001,Stillwater (OK),2024-08-18,0.0,2026-04-03T19:17:14.448922+00:00
596,112-0001,Stillwater (OK),2024-08-19,1.0,2026-04-03T19:17:14.448922+00:00
597,112-0001,Stillwater (OK),2024-08-20,0.5,2026-04-03T19:17:14.448922+00:00
598,112-0001,Stillwater (OK),2024-08-21,0.5,2026-04-03T19:17:14.448922+00:00
599,112-0001,Stillwater (OK),2024-08-22,1.0,2026-04-03T19:17:14.448922+00:00
600,112-0001,Stillwater (OK),2024-08-23,0.0,2026-04-03T19:17:14.448922+00:00
601,112-0001,Stillwater (OK),2024-08-24,0.5,2026-04-03T19:17:14.448922+00:00
602,112-0001,Stillwater (OK),2024-08-25,0.5,2026-04-03T19:17:14.448922+00:00
603,112-0001,Stillwater (OK),2024-08-26,1.0,2026-04-03T19:17:14.448922+00:00
604,112-0001,Stillwater (OK),2024-08-27,1.0,2026-04-03T19:17:14.448922+00:00
605,112-0001,Stillwater (OK),2024-08-28,1.0,2026-04-03T19:17:14.448922+00:00
606,112-0001,Stillwater (OK),2024-08-29,0.0,2026-04-03T19:17:14.448922+00:00
607,112-0001,Stillwater (OK),2024-08-30,0.5,2026-04-03T19:17:14.448922+00:00
608,112-0001,Stillwater (OK),2024-08-31,0.0,2026-04-03T19:17:14.448922+00:00
609,112-0001,Stillwater (OK),2024-09-01,0.0,2026-04-03T19:17:14.448922+00:00
610,112-0001,Stillwater (OK),2024-09-02,0.5,2026-04-03T19:17:14.448922+00:00
611,112-0001,Stillwater (OK),2024-09-03,1.0,2026-04-03T19:17:14.448922+00:00
612,112-0001,Stillwater (OK),2024-09-04,0.5,2026-04-03T19:17:14.448922+00:00
613,112-0001,Stillwater (OK),2024-09-05,0.5,2026-04-03T19:17:14.448922+00:00
614,112-0001,Stillwater (OK),2024-09-06,0.5,2026-04-03T19:17:14.448922+00:00
615,112-0001,Stillwater (OK),2024-09-07,0.5,2026-04-03T19:17:14.448922+00:00
616,112-0001,Stillwater (OK),2024-09-08,0.5,2026-04-03T19:17:14.448922+00:00
617,112-0001,Stillwater (OK),2024-09-09,1.0,2026-04-03T19:17:14.448922+00:00
618,112-0001,Stillwater (OK),2024-09-10,1.0,2026-04-03T19:17:14.448922+00:00
619,112-0001,Stillwater (OK),2024-09-11,0.5,2026-04-03T19:17:14.448922+00:00
620,112-0001,Stillwater (OK),2024-09-12,0.5,2026-04-03T19:17:14.448922+00:00
621,112-0001,Stillwater (OK),2024-09-13,1.0,2026-04-03T19:17:14.448922+00:00
622,112-0001,Stillwater (OK),2024-09-14,0.5,2026-04-03T19:17:14.448922+00:00
623,112-0001,Stillwater (OK),2024-09-15,0.0,2026-04-03T19:17:14.448922+00:00
624,112-0001,Stillwater (OK),2024-09-16,1.0,2026-04-03T19:17:14.448922+00:00
625,112-0001,Stillwater (OK),2024-09-17,1.0,2026-04-03T19:17:14.448922+00:00
626,112-0001,Stillwater (OK),2024-09-18,0.5,2026-04-03T19:17:14.448922+00:00
627,112-0001,Stillwater (OK),2024-09-19,0.5,2026-04-03T19:17:14.448922+00:00
628,112-0001,Stillwater (OK),2024-09-20,0.5,2026-04-03T19:17:14.448922+00:00
629,112-0001,Stillwater (OK),2024-09-21,0.0,2026-04-03T19:17:14.448922+00:00
630,112-0001,Stillwater (OK),2024-09-22,1.0,2026-04-03T19:17:14.448922+00:00
631,112-0001,Stillwater (OK),2024-09-23,1.0,2026-04-03T19:17:14.448922+00:00
632,112-0001,Stillwater (OK),2024-09-24,0.0,2026-04-03T19:17:14.448922+00:00
633,112-0001,Stillwater (OK),2024-09-25,0.5,2026-04-03T19:17:14.448922+00:00
634,112-0001,Stillwater (OK),2024-09-26,0.0,2026-04-03T19:17:14.448922+00:00
635,112-0001,Stillwater (OK),2024-09-27,0.0,2026-04-03T19:17:14.448922+00:00
636,112-0001,Stillwater (OK),2024-09-28,0.5,2026-04-03T19:17:14.448922+00:00
637,112-0001,Stillwater (OK),2024-09-29,1.0,2026-04-03T19:17:14.448922+00:00
638,112-0001,Stillwater (OK),2024-09-30,0.5,2026-04-03T19:17:14.448922+00:00
639,112-0001,Stillwater (OK),2024-10-01,0.0,2026-04-03T19:17:14.448922+00:00
640,112-0001,Stillwater (OK),2024-10-02,0.5,2026-04-03T19:17:14.448922+00:00
641,112-0001,Stillwater (OK),2024-10-03,0.5,2026-04-03T19:17:14.448922+00:00
642,112-0001,Stillwater (OK),2024-10-04,0.0,2026-04-03T19:17:14.448922+00:00
643,112-0001,Stillwater (OK),2024-10-05,0.5,2026-04-03T19:17:14.448922+00:00
644,112-0001,Stillwater (OK),2024-10-06,0.5,2026-04-03T19:17:14.448922+00:00
645,112-0001,Stillwater (OK),2024-10-07,0.5,2026-04-03T19:17:14.448922+00:00
646,112-0001,Stillwater (OK),2024-10-08,0.5,2026-04-03T19:17:14.448922+00:00
647,112-0001,Stillwater (OK),2024-10-09,0.5,2026-04-03T19:17:14.448922+00:00
648,112-0001,Stillwater (OK),2024-10-10,0.5,2026-04-03T19:17:14.448922+00:00
649,112-0001,Stillwater (OK),2024-10-11,0.0,2026-04-03T19:17:14.448922+00:00
650,112-0001,Stillwater (OK),2024-10-12,0.5,2026-04-03T19:17:14.448922+00:00
651,112-0001,Stillwater (OK),2024-10-13,1.0,2026-04-03T19:17:14.448922+00:00
652,112-0001,Stillwater (OK),2024-10-14,0.5,2026-04-03T19:17:14.448922+00:00
653,112-0001,Stillwater (OK),2024-10-15,1.0,2026-04-03T19:17:14.448922+00:00
654,112-0001,Stillwater (OK),2024-10-16,0.5,2026-04-03T19:17:14.448922+00:00
655,112-0001,Stillwater (OK),2024-10-17,1.0,2026-04-03T19:17:14.448922+00:00
656,112-0001,Stillwater (OK),2024-10-18,0.0,2026-04-03T19:17:14.448922+00:00
657,112-0001,Stillwater (OK),2024-10-19,1.0,2026-04-03T19:17:14.448922+00:00
658,112-0001,Stillwater (OK),2024-10-20,0.5,2026-04-03T19:17:14.448922+00:00
659,112-0001,Stillwater (OK),2024-10-21,1.0,2026-04-03T19:17:14.448922+00:00
660,112-0001,Stillwater (OK),2024-10-22,0.0,2026-04-03T19:17:14.448922+00:00
661,112-0001,Stillwater (OK),2024-10-23,0.5,2026-04-03T19:17:14.448922+00:00
662,112-0001,Stillwater (OK),2024-10-24,0.5,2026-04-03T19:17:14.448922+00:00
663,112-0001,Stillwater (OK),2024-10-25,0.0,2026-04-03T19:17:14.448922+00:00
664,112-0001,Stillwater (OK),2024-10-26,0.5,2026-04-03T19:17:14.448922+00:00
665,112-0001,Stillwater (OK),2024-10-27,0.0,2026-04-03T19:17:14.448922+00:00
666,112-0001,Stillwater (OK),2024-10-28,0.5,2026-04-03T19:17:14.448922+00:00
667,112-0001,Stillwater (OK),2024-10-29,0.5,2026-04-03T19:17:14.448922+00:00
668,112-0001,Stillwater (OK),2024-10-30,0.5,2026-04-03T19:17:14.448922+00:00
669,112-0001,Stillwater (OK),2024-10-31,0.0,2026-04-03T19:17:14.448922+00:00
670,112-0001,Stillwater (OK),2024-11-01,0.0,2026-04-03T19:17:14.448922+00:00
671,112-0001,Stillwater (OK),2024-11-02,0.0,2026-04-03T19:17:14.448922+00:00
672,112-0001,Stillwater (OK),2024-11-03,0.0,2026-04-03T19:17:14.448922+00:00
673,112-0001,Stillwater (OK),2024-11-04,0.5,2026-04-03T19:17:14.448922+00:00
674,112-0001,Stillwater (OK),2024-11-05,0.0,2026-04-03T19:17:14.448922+00:00
675,112-0001,Stillwater (OK),2024-11-06,0.5,2026-04-03T19:17:14.448922+00:00
676,112-0001,Stillwater (OK),2024-11-07,0.0,2026-04-03T19:17:14.448922+00:00
677,112-0001,Stillwater (OK),2024-11-08,0.5,2026-04-03T19:17:14.448922+00:00
678,112-0001,Stillwater (OK),2024-11-09,0.0,2026-04-03T19:17:14.448922+00:00
679,112-0001,Stillwater (OK),2024-11-10,0.5,2026-04-03T19:17:14.448922+00:00
680,112-0001,Stillwater (OK),2024-11-11,0.0,2026-04-03T19:17:14.448922+00:00
681,112-0001,Stillwater (OK),2024-11-12,1.0,2026-04-03T19:17:14.448922+00:00
682,112-0001,Stillwater (OK),2024-11-13,0.0,2026-04-03T19:17:14.448922+00:00
683,112-0001,Stillwater (OK),2024-11-14,0.0,2026-04-03T19:17:14.448922+00:00
684,112-0001,Stillwater (OK),2024-11-15,0.0,2026-04-03T19:17:14.448922+00:00
685,112-0001,Stillwater (OK),2024-11-16,0.0,2026-04-03T19:17:14.448922+00:00
686,112-0001,Stillwater (OK),2024-11-17,0.0,2026-04-03T19:17:14.448922+00:00
687,112-0001,Stillwater (OK),2024-11-18,0.5,2026-04-03T19:17:14.448922+00:00
688,112-0001,Stillwater (OK),2024-11-19,0.5,2026-04-03T19:17:14.448922+00:00
689,112-0001,Stillwater (OK),2024-11-20,0.0,2026-04-03T19:17:14.448922+00:00
690,112-0001,Stillwater (OK),2024-11-21,0.0,2026-04-03T19:17:14.448922+00:00
691,112-0001,Stillwater (OK),2024-11-22,0.0,2026-04-03T19:17:14.448922+00:00
692,112-0001,Stillwater (OK),2024-11-23,0.5,2026-04-03T19:17:14.448922+00:00
693,112-0001,Stillwater (OK),2024-11-24,0.0,2026-04-03T19:17:14.448922+00:00
694,112-0001,Stillwater (OK),2024-11-25,1.0,2026-04-03T19:17:14.448922+00:00
695,112-0001,Stillwater (OK),2024-11-26,0.0,2026-04-03T19:17:14.448922+00:00
696,112-0001,Stillwater (OK),2024-11-27,0.0,2026-04-03T19:17:14.448922+00:00
697,112-0001,Stillwater (OK),2024-11-29,0.5,2026-04-03T19:17:14.448922+00:00
698,112-0001,Stillwater (OK),2024-11-30,0.5,2026-04-03T19:17:14.448922+00:00
699,112-0001,Stillwater (OK),2024-12-01,0.0,2026-04-03T19:17:14.448922+00:00
700,112-0001,Stillwater (OK),2024-12-02,0.5,2026-04-03T19:17:14.448922+00:00
701,112-0001,Stillwater (OK),2024-12-03,0.5,2026-04-03T19:17:14.448922+00:00
702,112-0001,Stillwater (OK),2024-12-04,0.0,2026-04-03T19:17:14.448922+00:00
703,112-0001,Stillwater (OK),2024-12-05,0.0,2026-04-03T19:17:14.448922+00:00
704,112-0001,Stillwater (OK),2024-12-06,0.0,2026-04-03T19:17:14.448922+00:00
705,112-0001,Stillwater (OK),2024-12-07,0.0,2026-04-03T19:17:14.448922+00:00
706,112-0001,Stillwater (OK),2024-12-08,0.5,2026-04-03T19:17:14.448922+00:00
707,112-0001,Stillwater (OK),2024-12-09,0.0,2026-04-03T19:17:14.448922+00:00
708,112-0001,Stillwater (OK),2024-12-10,0.0,2026-04-03T19:17:14.448922+00:00
709,112-0001,Stillwater (OK),2024-12-11,0.0,2026-04-03T19:17:14.448922+00:00
710,112-0001,Stillwater (OK),2024-12-12,0.0,2026-04-03T19:17:14.448922+00:00
711,112-0001,Stillwater (OK),2024-12-13,0.0,2026-04-03T19:17:14.448922+00:00
712,112-0001,Stillwater (OK),2024-12-14,0.5,2026-04-03T19:17:14.448922+00:00
713,112-0001,Stillwater (OK),2024-12-15,0.0,2026-04-03T19:17:14.448922+00:00
714,112-0001,Stillwater (OK),2024-12-16,0.0,2026-04-03T19:17:14.448922+00:00
715,112-0001,Stillwater (OK),2024-12-17,0.5,2026-04-03T19:17:14.448922+00:00
716,112-0001,Stillwater (OK),2024-12-18,0.0,2026-04-03T19:17:14.448922+00:00
717,112-0001,Stillwater (OK),2024-12-19,1.0,2026-04-03T19:17:14.448922+00:00
718,112-0001,Stillwater (OK),2024-12-20,1.0,2026-04-03T19:17:14.448922+00:00
719,112-0001,Stillwater (OK),2024-12-21,0.5,2026-04-03T19:17:14.448922+00:00
720,112-0001,Stillwater (OK),2024-12-22,1.0,2026-04-03T19:17:14.448922+00:00
721,112-0001,Stillwater (OK),2024-12-23,1.0,2026-04-03T19:17:14.448922+00:00
722,112-0001,Stillwater (OK),2024-12-24,0.0,2026-04-03T19:17:14.448922+00:00
723,112-0001,Stillwater (OK),2024-12-26,0.5,2026-04-03T19:17:14.448922+00:00
724,112-0001,Stillwater (OK),2024-12-27,0.5,2026-04-03T19:17:14.448922+00:00
725,112-0001,Stillwater (OK),2024-12-28,0.0,2026-04-03T19:17:14.448922+00:00
726,112-0001,Stillwater (OK),2024-12-29,0.5,2026-04-03T19:17:14.448922+00:00
727,112-0001,Stillwater (OK),2024-12-30,0.0,2026-04-03T19:17:14.448922+00:00
728,112-0001,Stillwater (OK),2024-12-31,0.5,2026-04-03T19:17:14.448922+00:00
729,112-0001,Stillwater (OK),2025-01-01,0.5,2026-04-03T19:17:14.448922+00:00
730,112-0001,Stillwater (OK),2025-01-02,0.0,2026-04-03T19:17:14.448922+00:00
731,112-0001,Stillwater (OK),2025-01-03,0.5,2026-04-03T19:17:14.448922+00:00
732,112-0001,Stillwater (OK),2025-01-04,1.0,2026-04-03T19:17:14.448922+00:00
733,112-0001,Stillwater (OK),2025-01-05,0.5,2026-04-03T19:17:14.448922+00:00
734,112-0001,Stillwater (OK),2025-01-06,1.0,2026-04-03T19:17:14.448922+00:00
735,112-0001,Stillwater (OK),2025-01-07,0.5,2026-04-03T19:17:14.448922+00:00
736,112-0001,Stillwater (OK),2025-01-08,0.5,2026-04-03T19:17:14.448922+00:00
737,112-0001,Stillwater (OK),2025-01-09,0.5,2026-04-03T19:17:14.448922+00:00
738,112-0001,Stillwater (OK),2025-01-10,1.0,2026-04-03T19:17:14.448922+00:00
739,112-0001,Stillwater (OK),2025-01-11,0.5,2026-04-03T19:17:14.448922+00:00
740,112-0001,Stillwater (OK),2025-01-12,0.0,2026-04-03T19:17:14.448922+00:00
741,112-0001,Stillwater (OK),2025-01-13,0.0,2026-04-03T19:17:14.448922+00:00
742,112-0001,Stillwater (OK),2025-01-14,0.5,2026-04-03T19:17:14.448922+00:00
743,112-0001,Stillwater (OK),2025-01-15,1.0,2026-04-03T19:17:14.448922+00:00
744,112-0001,Stillwater (OK),2025-01-16,0.5,2026-04-03T19:17:14.448922+00:00
745,112-0001,Stillwater (OK),2025-01-17,1.0,2026-04-03T19:17:14.448922+00:00
746,112-0001,Stillwater (OK),2025-01-18,0.0,2026-04-03T19:17:14.448922+00:00
747,112-0001,Stillwater (OK),2025-01-19,0.0,2026-04-03T19:17:14.448922+00:00
748,112-0001,Stillwater (OK),2025-01-20,0.0,2026-04-03T19:17:14.448922+00:00
749,112-0001,Stillwater (OK),2025-01-21,0.5,2026-04-03T19:17:14.448922+00:00
750,112-0001,Stillwater (OK),2025-01-22,0.5,2026-04-03T19:17:14.448922+00:00
751,112-0001,Stillwater (OK),2025-01-23,0.0,2026-04-03T19:17:14.448922+00:00
752,112-0001,Stillwater (OK),2025-01-24,0.5,2026-04-03T19:17:14.448922+00:00
753,112-0001,Stillwater (OK),2025-01-25,0.0,2026-04-03T19:17:14.448922+00:00
754,112-0001,Stillwater (OK),2025-01-26,0.5,2026-04-03T19:17:14.448922+00:00
755,112-0001,Stillwater (OK),2025-01-27,0.5,2026-04-03T19:17:14.448922+00:00
756,112-0001,Stillwater (OK),2025-01-28,0.5,2026-04-03T19:17:14.448922+00:00
757,112-0001,Stillwater (OK),2025-01-29,0.5,2026-04-03T19:17:14.448922+00:00
758,112-0001,Stillwater (OK),2025-01-30,0.5,2026-04-03T19:17:14.448922+00:00
759,112-0001,Stillwater (OK),2025-01-31,0.0,2026-04-03T19:17:14.448922+00:00
760,112-0001,Stillwater (OK),2025-02-01,0.5,2026-04-03T19:17:14.448922+00:00
761,112-0001,Stillwater (OK),2025-02-02,0.0,2026-04-03T19:17:14.448922+00:00
762,112-0001,Stillwater (OK),2025-02-03,0.5,2026-04-03T19:17:14.448922+00:00
763,112-0001,Stillwater (OK),2025-02-04,1.0,2026-04-03T19:17:14.448922+00:00
764,112-0001,Stillwater (OK),2025-02-05,0.5,2026-04-03T19:17:14.448922+00:00
765,112-0001,Stillwater (OK),2025-02-06,0.5,2026-04-03T19:17:14.448922+00:00
766,112-0001,Stillwater (OK),2025-02-07,1.0,2026-04-03T19:17:14.448922+00:00
767,112-0001,Stillwater (OK),2025-02-08,0.0,2026-04-03T19:17:14.448922+00:00
768,112-0001,Stillwater (OK),2025-02-09,0.5,2026-04-03T19:17:14.448922+00:00
769,112-0001,Stillwater (OK),2025-02-10,0.5,2026-04-03T19:17:14.448922+00:00
770,112-0001,Stillwater (OK),2025-02-11,1.0,2026-04-03T19:17:14.448922+00:00
771,112-0001,Stillwater (OK),2025-02-12,1.0,2026-04-03T19:17:14.448922+00:00
772,112-0001,Stillwater (OK),2025-02-13,0.5,2026-04-03T19:17:14.448922+00:00
773,112-0001,Stillwater (OK),2025-02-14,0.5,2026-04-03T19:17:14.448922+00:00
774,112-0001,Stillwater (OK),2025-02-15,1.0,2026-04-03T19:17:14.448922+00:00
775,112-0001,Stillwater (OK),2025-02-16,0.5,2026-04-03T19:17:14.448922+00:00
776,112-0001,Stillwater (OK),2025-02-17,0.5,2026-04-03T19:17:14.448922+00:00
777,112-0001,Stillwater (OK),2025-02-18,0.0,2026-04-03T19:17:14.448922+00:00
778,112-0001,Stillwater (OK),2025-02-19,0.0,2026-04-03T19:17:14.448922+00:00
779,112-0001,Stillwater (OK),2025-02-20,1.0,2026-04-03T19:17:14.448922+00:00
780,112-0001,Stillwater (OK),2025-02-21,0.0,2026-04-03T19:17:14.448922+00:00
781,112-0001,Stillwater (OK),2025-02-22,0.5,2026-04-03T19:17:14.448922+00:00
782,112-0001,Stillwater (OK),2025-02-23,0.5,2026-04-03T19:17:14.448922+00:00
783,112-0001,Stillwater (OK),2025-02-24,0.0,2026-04-03T19:17:14.448922+00:00
784,112-0001,Stillwater (OK),2025-02-25,0.5,2026-04-03T19:17:14.448922+00:00
785,112-0001,Stillwater (OK),2025-02-26,0.0,2026-04-03T19:17:14.448922+00:00
786,112-0001,Stillwater (OK),2025-02-27,0.0,2026-04-03T19:17:14.448922+00:00
787,112-0001,Stillwater (OK),2025-02-28,0.0,2026-04-03T19:17:14.448922+00:00
788,112-0001,Stillwater (OK),2025-03-01,0.0,2026-04-03T19:17:14.448922+00:00
789,112-0001,Stillwater (OK),2025-03-02,0.0,2026-04-03T19:17:14.448922+00:00
790,112-0001,Stillwater (OK),2025-03-03,0.0,2026-04-03T19:17:14.448922+00:00
791,112-0001,Stillwater (OK),2025-03-04,0.0,2026-04-03T19:17:14.448922+00:00
792,112-0001,Stillwater (OK),2025-03-05,0.0,2026-04-03T19:17:14.448922+00:00
793,112-0001,Stillwater (OK),2025-03-06,0.5,2026-04-03T19:17:14.448922+00:00
794,112-0001,Stillwater (OK),2025-03-07,0.0,2026-04-03T19:17:14.448922+00:00
795,112-0001,Stillwater (OK),2025-03-08,0.5,2026-04-03T19:17:14.448922+00:00
796,112-0001,Stillwater (OK),2025-03-09,0.0,2026-04-03T19:17:14.448922+00:00
797,112-0001,Stillwater (OK),2025-03-10,0.5,2026-04-03T19:17:14.448922+00:00
798,112-0001,Stillwater (OK),2025-03-11,0.0,2026-04-03T19:17:14.448922+00:00
799,112-0001,Stillwater (OK),2025-03-12,1.0,2026-04-03T19:17:14.448922+00:00
800,112-0001,Stillwater (OK),2025-03-13,0.5,2026-04-03T19:17:14.448922+00:00
801,112-0001,Stillwater (OK),2025-03-14,0.5,2026-04-03T19:17:14.448922+00:00
802,112-0001,Stillwater (OK),2025-03-15,0.5,2026-04-03T19:17:14.448922+00:00
803,112-0001,Stillwater (OK),2025-03-16,0.5,2026-04-03T19:17:14.448922+00:00
804,112-0001,Stillwater (OK),2025-03-17,0.0,2026-04-03T19:17:14.448922+00:00
805,112-0001,Stillwater (OK),2025-03-18,1.0,2026-04-03T19:17:14.448922+00:00
806,112-0001,Stillwater (OK),2025-03-19,0.5,2026-04-03T19:17:14.448922+00:00
807,112-0001,Stillwater (OK),2025-03-20,0.0,2026-04-03T19:17:14.448922+00:00
808,112-0001,Stillwater (OK),2025-03-21,0.5,2026-04-03T19:17:14.448922+00:00
809,112-0001,Stillwater (OK),2025-03-22,0.5,2026-04-03T19:17:14.448922+00:00
810,112-0001,Stillwater (OK),2025-03-23,0.0,2026-04-03T19:17:14.448922+00:00
811,112-0001,Stillwater (OK),2025-03-24,0.5,2026-04-03T19:17:14.448922+00:00
812,112-0001,Stillwater (OK),2025-03-25,0.0,2026-04-03T19:17:14.448922+00:00
813,112-0001,Stillwater (OK),2025-03-26,0.5,2026-04-03T19:17:14.448922+00:00
814,112-0001,Stillwater (OK),2025-03-27,0.5,2026-04-03T19:17:14.448922+00:00
815,112-0001,Stillwater (OK),2025-03-28,0.5,2026-04-03T19:17:14.448922+00:00
816,112-0001,Stillwater (OK),2025-03-29,0.0,2026-04-03T19:17:14.448922+00:00
817,112-0001,Stillwater (OK),2025-03-30,1.0,2026-04-03T19:17:14.448922+00:00
818,112-0001,Stillwater (OK),2025-03-31,0.5,2026-04-03T19:17:14.448922+00:00
819,112-0001,Stillwater (OK),2025-04-01,0.5,2026-04-03T19:17:14.448922+00:00
820,112-0001,Stillwater (OK),2025-04-02,0.5,2026-04-03T19:17:14.448922+00:00
821,112-0001,Stillwater (OK),2025-04-03,0.0,2026-04-03T19:17:14.448922+00:00
822,112-0001,Stillwater (OK),2025-04-04,0.0,2026-04-03T19:17:14.448922+00:00
823,112-0001,Stillwater (OK),2025-04-05,0.5,2026-04-03T19:17:14.448922+00:00
824,112-0001,Stillwater (OK),2025-04-06,0.0,2026-04-03T19:17:14.448922+00:00
825,112-0001,Stillwater (OK),2025-04-07,0.0,2026-04-03T19:17:14.448922+00:00
826,112-0001,Stillwater (OK),2025-04-08,0.5,2026-04-03T19:17:14.448922+00:00
827,112-0001,Stillwater (OK),2025-04-09,0.5,2026-04-03T19:17:14.448922+00:00
828,112-0001,Stillwater (OK),2025-04-10,0.5,2026-04-03T19:17:14.448922+00:00
829,112-0001,Stillwater (OK),2025-04-11,0.5,2026-04-03T19:17:14.448922+00:00
830,112-0001,Stillwater (OK),2025-04-12,0.5,2026-04-03T19:17:14.448922+00:00
831,112-0001,Stillwater (OK),2025-04-13,0.0,2026-04-03T19:17:14.448922+00:00
832,112-0001,Stillwater (OK),2025-04-14,0.0,2026-04-03T19:17:14.448922+00:00
833,112-0001,Stillwater (OK),2025-04-15,0.5,2026-04-03T19:17:14.448922+00:00
834,112-0001,Stillwater (OK),2025-04-16,0.0,2026-04-03T19:17:14.448922+00:00
835,112-0001,Stillwater (OK),2025-04-17,0.5,2026-04-03T19:17:14.448922+00:00
836,112-0001,Stillwater (OK),2025-04-18,0.0,2026-04-03T19:17:14.448922+00:00
837,112-0001,Stillwater (OK),2025-04-19,1.0,2026-04-03T19:17:14.448922+00:00
838,112-0001,Stillwater (OK),2025-04-20,0.0,2026-04-03T19:17:14.448922+00:00
839,112-0001,Stillwater (OK),2025-04-21,0.5,2026-04-03T19:17:14.448922+00:00
840,112-0001,Stillwater (OK),2025-04-22,0.5,2026-04-03T19:17:14.448922+00:00
841,112-0001,Stillwater (OK),2025-04-23,0.0,2026-04-03T19:17:14.448922+00:00
842,112-0001,Stillwater (OK),2025-04-24,0.0,2026-04-03T19:17:14.448922+00:00
843,112-0001,Stillwater (OK),2025-04-25,0.5,2026-04-03T19:17:14.448922+00:00
844,112-0001,Stillwater (OK),2025-04-26,0.0,2026-04-03T19:17:14.448922+00:00
845,112-0001,Stillwater (OK),2025-04-27,0.5,2026-04-03T19:17:14.448922+00:00
846,112-0001,Stillwater (OK),2025-04-28,1.0,2026-04-03T19:17:14.448922+00:00
847,112-0001,Stillwater (OK),2025-04-29,0.5,2026-04-03T19:17:14.448922+00:00
848,112-0001,Stillwater (OK),2025-04-30,0.5,2026-04-03T19:17:14.448922+00:00
849,112-0001,Stillwater (OK),2025-05-01,0.0,2026-04-03T19:17:14.448922+00:00
850,112-0001,Stillwater (OK),2025-05-02,0.5,2026-04-03T19:17:14.448922+00:00
851,112-0001,Stillwater (OK),2025-05-03,0.0,2026-04-03T19:17:14.448922+00:00
852,112-0001,Stillwater (OK),2025-05-04,0.0,2026-04-03T19:17:14.448922+00:00
853,112-0001,Stillwater (OK),2025-05-05,0.0,2026-04-03T19:17:14.448922+00:00
854,112-0001,Stillwater (OK),2025-05-06,0.5,2026-04-03T19:17:14.448922+00:00
855,112-0001,Stillwater (OK),2025-05-07,0.0,2026-04-03T19:17:14.448922+00:00
856,112-0001,Stillwater (OK),2025-05-08,0.5,2026-04-03T19:17:14.448922+00:00
857,112-0001,Stillwater (OK),2025-05-09,0.0,2026-04-03T19:17:14.448922+00:00
858,112-0001,Stillwater (OK),2025-05-10,0.0,2026-04-03T19:17:14.448922+00:00
859,112-0001,Stillwater (OK),2025-05-11,0.0,2026-04-03T19:17:14.448922+00:00
860,112-0001,Stillwater (OK),2025-05-12,0.0,2026-04-03T19:17:14.448922+00:00
861,112-0001,Stillwater (OK),2025-05-13,0.5,2026-04-03T19:17:14.448922+00:00
862,112-0001,Stillwater (OK),2025-05-14,1.0,2026-04-03T19:17:14.448922+00:00
863,112-0001,Stillwater (OK),2025-05-15,0.0,2026-04-03T19:17:14.448922+00:00
864,112-0001,Stillwater (OK),2025-05-16,0.5,2026-04-03T19:17:14.448922+00:00
865,112-0001,Stillwater (OK),2025-05-17,1.0,2026-04-03T19:17:14.448922+00:00
866,112-0001,Stillwater (OK),2025-05-18,1.0,2026-04-03T19:17:14.448922+00:00
867,112-0001,Stillwater (OK),2025-05-19,0.5,2026-04-03T19:17:14.448922+00:00
868,112-0001,Stillwater (OK),2025-05-20,0.0,2026-04-03T19:17:14.448922+00:00
869,112-0001,Stillwater (OK),2025-05-21,0.5,2026-04-03T19:17:14.448922+00:00
870,112-0001,Stillwater (OK),2025-05-22,1.0,2026-04-03T19:17:14.448922+00:00
871,112-0001,Stillwater (OK),2025-05-23,0.0,2026-04-03T19:17:14.448922+00:00
872,112-0001,Stillwater (OK),2025-05-24,0.5,2026-04-03T19:17:14.448922+00:00
873,112-0001,Stillwater (OK),2025-05-25,0.5,2026-04-03T19:17:14.448922+00:00
874,112-0001,Stillwater (OK),2025-05-26,1.0,2026-04-03T19:17:14.448922+00:00
875,112-0001,Stillwater (OK),2025-05-27,0.5,2026-04-03T19:17:14.448922+00:00
876,112-0001,Stillwater (OK),2025-05-28,1.0,2026-04-03T19:17:14.448922+00:00
877,112-0001,Stillwater (OK),2025-05-29,0.0,2026-04-03T19:17:14.448922+00:00
878,112-0001,Stillwater (OK),2025-05-30,1.0,2026-04-03T19:17:14.448922+00:00
879,112-0001,Stillwater (OK),2025-05-31,1.0,2026-04-03T19:17:14.448922+00:00
880,112-0001,Stillwater (OK),2025-06-01,0.0,2026-04-03T19:17:14.448922+00:00
881,112-0001,Stillwater (OK),2025-06-02,0.5,2026-04-03T19:17:14.448922+00:00
882,112-0001,Stillwater (OK),2025-06-03,1.0,2026-04-03T19:17:14.448922+00:00
883,112-0001,Stillwater (OK),2025-06-04,1.0,2026-04-03T19:17:14.448922+00:00
884,112-0001,Stillwater (OK),2025-06-05,0.5,2026-04-03T19:17:14.448922+00:00
885,112-0001,Stillwater (OK),2025-06-06,0.5,2026-04-03T19:17:14.448922+00:00
886,112-0001,Stillwater (OK),2025-06-07,1.0,2026-04-03T19:17:14.448922+00:00
887,112-0001,Stillwater (OK),2025-06-08,0.5,2026-04-03T19:17:14.448922+00:00
888,112-0001,Stillwater (OK),2025-06-09,0.5,2026-04-03T19:17:14.448922+00:00
889,112-0001,Stillwater (OK),2025-06-10,1.0,2026-04-03T19:17:14.448922+00:00
890,112-0001,Stillwater (OK),2025-06-11,0.5,2026-04-03T19:17:14.448922+00:00
891,112-0001,Stillwater (OK),2025-06-12,1.0,2026-04-03T19:17:14.448922+00:00
892,112-0001,Stillwater (OK),2025-06-13,1.0,2026-04-03T19:17:14.448922+00:00
893,112-0001,Stillwater (OK),2025-06-14,0.5,2026-04-03T19:17:14.448922+00:00
894,112-0001,Stillwater (OK),2025-06-15,1.0,2026-04-03T19:17:14.448922+00:00
895,112-0001,Stillwater (OK),2025-06-16,0.5,2026-04-03T19:17:14.448922+00:00
896,112-0001,Stillwater (OK),2025-06-17,0.0,2026-04-03T19:17:14.448922+00:00
897,112-0001,Stillwater (OK),2025-06-18,0.0,2026-04-03T19:17:14.448922+00:00
898,112-0001,Stillwater (OK),2025-06-19,0.5,2026-04-03T19:17:14.448922+00:00
899,112-0001,Stillwater (OK),2025-06-20,0.5,2026-04-03T19:17:14.448922+00:00
900,112-0001,Stillwater (OK),2025-06-21,0.5,2026-04-03T19:17:14.448922+00:00
901,112-0001,Stillwater (OK),2025-06-22,0.5,2026-04-03T19:17:14.448922+00:00
902,112-0001,Stillwater (OK),2025-06-23,0.0,2026-04-03T19:17:14.448922+00:00
903,112-0001,Stillwater (OK),2025-06-24,0.5,2026-04-03T19:17:14.448922+00:00
904,112-0001,Stillwater (OK),2025-06-25,0.0,2026-04-03T19:17:14.448922+00:00
905,112-0001,Stillwater (OK),2025-06-26,0.5,2026-04-03T19:17:14.448922+00:00
906,112-0001,Stillwater (OK),2025-06-27,0.5,2026-04-03T19:17:14.448922+00:00
907,112-0001,Stillwater (OK),2025-06-28,0.5,2026-04-03T19:17:14.448922+00:00
908,112-0001,Stillwater (OK),2025-06-29,1.0,2026-04-03T19:17:14.448922+00:00
909,112-0001,Stillwater (OK),2025-06-30,0.0,2026-04-03T19:17:14.448922+00:00
910,112-0001,Stillwater (OK),2025-07-01,0.0,2026-04-03T19:17:14.448922+00:00
911,112-0001,Stillwater (OK),2025-07-02,0.5,2026-04-03T19:17:14.448922+00:00
912,112-0001,Stillwater (OK),2025-07-03,0.0,2026-04-03T19:17:14.448922+00:00
913,112-0001,Stillwater (OK),2025-07-04,0.0,2026-04-03T19:17:14.448922+00:00
914,112-0001,Stillwater (OK),2025-07-05,0.5,2026-04-03T19:17:14.448922+00:00
915,112-0001,Stillwater (OK),2025-07-06,0.0,2026-04-03T19:17:14.448922+00:00
916,112-0001,Stillwater (OK),2025-07-07,0.5,2026-04-03T19:17:14.448922+00:00
917,112-0001,Stillwater (OK),2025-07-08,0.5,2026-04-03T19:17:14.448922+00:00
918,112-0001,Stillwater (OK),2025-07-09,1.0,2026-04-03T19:17:14.448922+00:00
919,112-0001,Stillwater (OK),2025-07-10,0.0,2026-04-03T19:17:14.448922+00:00
920,112-0001,Stillwater (OK),2025-07-11,0.5,2026-04-03T19:17:14.448922+00:00
921,112-0001,Stillwater (OK),2025-07-12,0.5,2026-04-03T19:17:14.448922+00:00
922,112-0001,Stillwater (OK),2025-07-13,1.0,2026-04-03T19:17:14.448922+00:00
923,112-0001,Stillwater (OK),2025-07-14,0.5,2026-04-03T19:17:14.448922+00:00
924,112-0001,Stillwater (OK),2025-07-15,0.5,2026-04-03T19:17:14.448922+00:00
925,112-0001,Stillwater (OK),2025-07-16,0.0,2026-04-03T19:17:14.448922+00:00
926,112-0001,Stillwater (OK),2025-07-17,0.5,2026-04-03T19:17:14.448922+00:00
927,112-0001,Stillwater (OK),2025-07-18,0.0,2026-04-03T19:17:14.448922+00:00
928,112-0001,Stillwater (OK),2025-07-19,1.0,2026-04-03T19:17:14.448922+00:00
929,112-0001,Stillwater (OK),2025-07-20,0.5,2026-04-03T19:17:14.448922+00:00
930,112-0001,Stillwater (OK),2025-07-21,0.5,2026-04-03T19:17:14.448922+00:00
931,112-0001,Stillwater (OK),2025-07-22,0.5,2026-04-03T19:17:14.448922+00:00
932,112-0001,Stillwater (OK),2025-07-23,0.0,2026-04-03T19:17:14.448922+00:00
933,112-0001,Stillwater (OK),2025-07-24,0.5,2026-04-03T19:17:14.448922+00:00
934,112-0001,Stillwater (OK),2025-07-25,0.5,2026-04-03T19:17:14.448922+00:00
935,112-0001,Stillwater (OK),2025-07-26,0.5,2026-04-03T19:17:14.448922+00:00
936,112-0001,Stillwater (OK),2025-07-27,0.0,2026-04-03T19:17:14.448922+00:00
937,112-0001,Stillwater (OK),2025-07-28,0.0,2026-04-03T19:17:14.448922+00:00
938,112-0001,Stillwater (OK),2025-07-29,1.0,2026-04-03T19:17:14.448922+00:00
939,112-0001,Stillwater (OK),2025-07-30,0.5,2026-04-03T19:17:14.448922+00:00
940,112-0001,Stillwater (OK),2025-07-31,0.5,2026-04-03T19:17:14.448922+00:00
941,112-0001,Stillwater (OK),2025-08-01,1.0,2026-04-03T19:17:14.448922+00:00
942,112-0001,Stillwater (OK),2025-08-02,1.0,2026-04-03T19:17:14.448922+00:00
943,112-0001,Stillwater (OK),2025-08-03,1.0,2026-04-03T19:17:14.448922+00:00
944,112-0001,Stillwater (OK),2025-08-04,0.5,2026-04-03T19:17:14.448922+00:00
945,112-0001,Stillwater (OK),2025-08-05,0.0,2026-04-03T19:17:14.448922+00:00
946,112-0001,Stillwater (OK),2025-08-06,0.5,2026-04-03T19:17:14.448922+00:00
947,112-0001,Stillwater (OK),2025-08-07,0.5,2026-04-03T19:17:14.448922+00:00
948,112-0001,Stillwater (OK),2025-08-08,0.5,2026-04-03T19:17:14.448922+00:00
949,112-0001,Stillwater (OK),2025-08-09,0.0,2026-04-03T19:17:14.448922+00:00
950,112-0001,Stillwater (OK),2025-08-10,0.0,2026-04-03T19:17:14.448922+00:00
951,112-0001,Stillwater (OK),2025-08-11,0.5,2026-04-03T19:17:14.448922+00:00
952,112-0001,Stillwater (OK),2025-08-12,0.0,2026-04-03T19:17:14.448922+00:00
953,112-0001,Stillwater (OK),2025-08-13,0.0,2026-04-03T19:17:14.448922+00:00
954,112-0001,Stillwater (OK),2025-08-14,0.5,2026-04-03T19:17:14.448922+00:00
955,112-0001,Stillwater (OK),2025-08-15,0.0,2026-04-03T19:17:14.448922+00:00
956,112-0001,Stillwater (OK),2025-08-16,0.0,2026-04-03T19:17:14.448922+00:00
957,112-0001,Stillwater (OK),2025-08-17,0.0,2026-04-03T19:17:14.448922+00:00
958,112-0001,Stillwater (OK),2025-08-18,0.0,2026-04-03T19:17:14.448922+00:00
959,112-0001,Stillwater (OK),2025-08-19,0.0,2026-04-03T19:17:14.448922+00:00
960,112-0001,Stillwater (OK),2025-08-20,0.5,2026-04-03T19:17:14.448922+00:00
961,112-0001,Stillwater (OK),2025-08-21,0.0,2026-04-03T19:17:14.448922+00:00
962,112-0001,Stillwater (OK),2025-08-22,0.0,2026-04-03T19:17:14.448922+00:00
963,112-0001,Stillwater (OK),2025-08-23,0.5,2026-04-03T19:17:14.448922+00:00
964,112-0001,Stillwater (OK),2025-08-24,0.0,2026-04-03T19:17:14.448922+00:00
965,112-0001,Stillwater (OK),2025-08-25,1.0,2026-04-03T19:17:14.448922+00:00
966,112-0001,Stillwater (OK),2025-08-26,1.0,2026-04-03T19:17:14.448922+00:00
967,112-0001,Stillwater (OK),2025-08-27,0.0,2026-04-03T19:17:14.448922+00:00
968,112-0001,Stillwater (OK),2025-08-28,0.0,2026-04-03T19:17:14.448922+00:00
969,112-0001,Stillwater (OK),2025-08-29,0.0,2026-04-03T19:17:14.448922+00:00
970,112-0001,Stillwater (OK),2025-08-30,1.0,2026-04-03T19:17:14.448922+00:00
971,112-0001,Stillwater (OK),2025-08-31,0.0,2026-04-03T19:17:14.448922+00:00
972,112-0001,Stillwater (OK),2025-09-01,0.0,2026-04-03T19:17:14.448922+00:00
973,112-0001,Stillwater (OK),2025-09-02,1.0,2026-04-03T19:17:14.448922+00:00
974,112-0001,Stillwater (OK),2025-09-03,1.0,2026-04-03T19:17:14.448922+00:00
975,112-0001,Stillwater (OK),2025-09-04,0.5,2026-04-03T19:17:14.448922+00:00
976,112-0001,Stillwater (OK),2025-09-05,0.5,2026-04-03T19:17:14.448922+00:00
977,112-0001,Stillwater (OK),2025-09-06,0.5,2026-04-03T19:17:14.448922+00:00
978,112-0001,Stillwater (OK),2025-09-07,1.0,2026-04-03T19:17:14.448922+00:00
979,112-0001,Stillwater (OK),2025-09-08,0.0,2026-04-03T19:17:14.448922+00:00
980,112-0001,Stillwater (OK),2025-09-09,0.0,2026-04-03T19:17:14.448922+00:00
981,112-0001,Stillwater (OK),2025-09-10,1.0,2026-04-03T19:17:14.448922+00:00
982,112-0001,Stillwater (OK),2025-09-11,0.5,2026-04-03T19:17:14.448922+00:00
983,112-0001,Stillwater (OK),2025-09-12,0.0,2026-04-03T19:17:14.448922+00:00
984,112-0001,Stillwater (OK),2025-09-13,0.5,2026-04-03T19:17:14.448922+00:00
985,112-0001,Stillwater (OK),2025-09-14,0.5,2026-04-03T19:17:14.448922+00:00
986,112-0001,Stillwater (OK),2025-09-15,0.5,2026-04-03T19:17:14.448922+00:00
987,112-0001,Stillwater (OK),2025-09-16,0.5,2026-04-03T19:17:14.448922+00:00
988,112-0001,Stillwater (OK),2025-09-17,0.5,2026-04-03T19:17:14.448922+00:00
989,112-0001,Stillwater (OK),2025-09-18,0.5,2026-04-03T19:17:14.448922+00:00
990,112-0001,Stillwater (OK),2025-09-19,0.5,2026-04-03T19:17:14.448922+00:00
991,112-0001,Stillwater (OK),2025-09-20,1.0,2026-04-03T19:17:14.448922+00:00
992,112-0001,Stillwater (OK),2025-09-21,0.5,2026-04-03T19:17:14.448922+00:00
993,112-0001,Stillwater (OK),2025-09-22,1.0,2026-04-03T19:17:14.448922+00:00
994,112-0001,Stillwater (OK),2025-09-23,0.5,2026-04-03T19:17:14.448922+00:00
995,112-0001,Stillwater (OK),2025-09-24,0.5,2026-04-03T19:17:14.448922+00:00
996,112-0001,Stillwater (OK),2025-09-25,0.0,2026-04-03T19:17:14.448922+00:00
997,112-0001,Stillwater (OK),2025-09-26,0.0,2026-04-03T19:17:14.448922+00:00
998,112-0001,Stillwater (OK),2025-09-27,0.5,2026-04-03T19:17:14.448922+00:00
999,112-0001,Stillwater (OK),2025-09-28,1.0,2026-04-03T19:17:14.448922+00:00
1000,112-0001,Stillwater (OK),2025-09-29,1.0,2026-04-03T19:17:14.448922+00:00
1001,112-0001,Stillwater (OK),2025-09-30,1.0,2026-04-03T19:17:14.448922+00:00
