id,location_id,store_name,sale_date,net_sales,data_source,loaded_at
1,112-0001,Stillwater (OK),2023-01-01,3289.45,POS Export,2026-04-03T19:09:52.054445+00:00
2,112-0001,Stillwater (OK),2023-01-02,2842.74,POS Export,2026-04-03T19:09:52.054445+00:00
3,112-0001,Stillwater (OK),2023-01-03,2421.39,POS Export,2026-04-03T19:09:52.054445+00:00
4,112-0001,Stillwater (OK),2023-01-04,2650.16,POS Export,2026-04-03T19:09:52.054445+00:00
5,112-0001,Stillwater (OK),2023-01-05,2687.52,POS Export,2026-04-03T19:09:52.054445+00:00
6,112-0001,Stillwater (OK),2023-01-06,3946.14,POS Export,2026-04-03T19:09:52.054445+00:00
7,112-0001,Stillwater (OK),2023-01-07,4866.69,POS Export,2026-04-03T19:09:52.054445+00:00
8,112-0001,Stillwater (OK),2023-01-08,3578.59,POS Export,2026-04-03T19:09:52.054445+00:00
9,112-0001,Stillwater (OK),2023-01-09,2646.78,POS Export,2026-04-03T19:09:52.054445+00:00
10,112-0001,Stillwater (OK),2023-01-10,2990.5,POS Export,2026-04-03T19:09:52.054445+00:00
11,112-0001,Stillwater (OK),2023-01-11,2963.55,POS Export,2026-04-03T19:09:52.054445+00:00
12,112-0001,Stillwater (OK),2023-01-12,3264.51,POS Export,2026-04-03T19:09:52.054445+00:00
13,112-0001,Stillwater (OK),2023-01-13,3956.78,POS Export,2026-04-03T19:09:52.054445+00:00
14,112-0001,Stillwater (OK),2023-01-14,3660.99,POS Export,2026-04-03T19:09:52.054445+00:00
15,112-0001,Stillwater (OK),2023-01-15,4572.77,POS Export,2026-04-03T19:09:52.054445+00:00
16,112-0001,Stillwater (OK),2023-01-16,4590.36,POS Export,2026-04-03T19:09:52.054445+00:00
17,112-0001,Stillwater (OK),2023-01-17,3059.53,POS Export,2026-04-03T19:09:52.054445+00:00
18,112-0001,Stillwater (OK),2023-01-18,4070.55,POS Export,2026-04-03T19:09:52.054445+00:00
19,112-0001,Stillwater (OK),2023-01-19,3624.71,POS Export,2026-04-03T19:09:52.054445+00:00
20,112-0001,Stillwater (OK),2023-01-20,5166.94,POS Export,2026-04-03T19:09:52.054445+00:00
21,112-0001,Stillwater (OK),2023-01-21,4530.3,POS Export,2026-04-03T19:09:52.054445+00:00
22,112-0001,Stillwater (OK),2023-01-22,4445.05,POS Export,2026-04-03T19:09:52.054445+00:00
23,112-0001,Stillwater (OK),2023-01-23,2830.89,POS Export,2026-04-03T19:09:52.054445+00:00
24,112-0001,Stillwater (OK),2023-01-24,3272.53,POS Export,2026-04-03T19:09:52.054445+00:00
25,112-0001,Stillwater (OK),2023-01-25,3506.56,POS Export,2026-04-03T19:09:52.054445+00:00
26,112-0001,Stillwater (OK),2023-01-26,3566.51,POS Export,2026-04-03T19:09:52.054445+00:00
27,112-0001,Stillwater (OK),2023-01-27,4555.97,POS Export,2026-04-03T19:09:52.054445+00:00
28,112-0001,Stillwater (OK),2023-01-28,5371.02,POS Export,2026-04-03T19:09:52.054445+00:00
29,112-0001,Stillwater (OK),2023-01-29,4506.25,POS Export,2026-04-03T19:09:52.054445+00:00
30,112-0001,Stillwater (OK),2023-01-30,2967.44,POS Export,2026-04-03T19:09:52.054445+00:00
31,112-0001,Stillwater (OK),2023-01-31,13239.25,POS Export,2026-04-03T19:09:52.054445+00:00
32,112-0001,Stillwater (OK),2023-02-01,3718.71,POS Export,2026-04-03T19:09:52.054445+00:00
33,112-0001,Stillwater (OK),2023-02-02,3210.69,POS Export,2026-04-03T19:09:52.054445+00:00
34,112-0001,Stillwater (OK),2023-02-03,5717.67,POS Export,2026-04-03T19:09:52.054445+00:00
35,112-0001,Stillwater (OK),2023-02-04,5152.76,POS Export,2026-04-03T19:09:52.054445+00:00
36,112-0001,Stillwater (OK),2023-02-05,5287.93,POS Export,2026-04-03T19:09:52.054445+00:00
37,112-0001,Stillwater (OK),2023-02-06,3511.93,POS Export,2026-04-03T19:09:52.054445+00:00
38,112-0001,Stillwater (OK),2023-02-07,4978.94,POS Export,2026-04-03T19:09:52.054445+00:00
39,112-0001,Stillwater (OK),2023-02-08,10845.49,POS Export,2026-04-03T19:09:52.054445+00:00
40,112-0001,Stillwater (OK),2023-02-09,3507.76,POS Export,2026-04-03T19:09:52.054445+00:00
41,112-0001,Stillwater (OK),2023-02-10,4828.01,POS Export,2026-04-03T19:09:52.054445+00:00
42,112-0001,Stillwater (OK),2023-02-11,4585.52,POS Export,2026-04-03T19:09:52.054445+00:00
43,112-0001,Stillwater (OK),2023-02-12,4197.98,POS Export,2026-04-03T19:09:52.054445+00:00
44,112-0001,Stillwater (OK),2023-02-13,2885.6,POS Export,2026-04-03T19:09:52.054445+00:00
45,112-0001,Stillwater (OK),2023-02-14,3587.82,POS Export,2026-04-03T19:09:52.054445+00:00
46,112-0001,Stillwater (OK),2023-02-15,3831.24,POS Export,2026-04-03T19:09:52.054445+00:00
47,112-0001,Stillwater (OK),2023-02-16,3922.32,POS Export,2026-04-03T19:09:52.054445+00:00
48,112-0001,Stillwater (OK),2023-02-17,4720.31,POS Export,2026-04-03T19:09:52.054445+00:00
49,112-0001,Stillwater (OK),2023-02-18,4318.42,POS Export,2026-04-03T19:09:52.054445+00:00
50,112-0001,Stillwater (OK),2023-02-19,4274.02,POS Export,2026-04-03T19:09:52.054445+00:00
51,112-0001,Stillwater (OK),2023-02-20,2873.84,POS Export,2026-04-03T19:09:52.054445+00:00
52,112-0001,Stillwater (OK),2023-02-21,4043.07,POS Export,2026-04-03T19:09:52.054445+00:00
53,112-0001,Stillwater (OK),2023-02-22,10750.17,POS Export,2026-04-03T19:09:52.054445+00:00
54,112-0001,Stillwater (OK),2023-02-23,4044.02,POS Export,2026-04-03T19:09:52.054445+00:00
55,112-0001,Stillwater (OK),2023-02-24,5065.56,POS Export,2026-04-03T19:09:52.054445+00:00
56,112-0001,Stillwater (OK),2023-02-25,5497.44,POS Export,2026-04-03T19:09:52.054445+00:00
57,112-0001,Stillwater (OK),2023-02-26,4888.81,POS Export,2026-04-03T19:09:52.054445+00:00
58,112-0001,Stillwater (OK),2023-02-27,8471.81,POS Export,2026-04-03T19:09:52.054445+00:00
59,112-0001,Stillwater (OK),2023-02-28,4171.94,POS Export,2026-04-03T19:09:52.054445+00:00
60,112-0001,Stillwater (OK),2023-03-01,3895.56,POS Export,2026-04-03T19:09:52.054445+00:00
61,112-0001,Stillwater (OK),2023-03-02,4351.01,POS Export,2026-04-03T19:09:52.054445+00:00
62,112-0001,Stillwater (OK),2023-03-03,5206.85,POS Export,2026-04-03T19:09:52.054445+00:00
63,112-0001,Stillwater (OK),2023-03-04,8204.1,POS Export,2026-04-03T19:09:52.054445+00:00
64,112-0001,Stillwater (OK),2023-03-05,5598.01,POS Export,2026-04-03T19:09:52.054445+00:00
65,112-0001,Stillwater (OK),2023-03-06,3462.45,POS Export,2026-04-03T19:09:52.054445+00:00
66,112-0001,Stillwater (OK),2023-03-07,3429.6,POS Export,2026-04-03T19:09:52.054445+00:00
67,112-0001,Stillwater (OK),2023-03-08,8605.5,POS Export,2026-04-03T19:09:52.054445+00:00
68,112-0001,Stillwater (OK),2023-03-09,4196.5,POS Export,2026-04-03T19:09:52.054445+00:00
69,112-0001,Stillwater (OK),2023-03-10,4705.0,POS Export,2026-04-03T19:09:52.054445+00:00
70,112-0001,Stillwater (OK),2023-03-11,4157.76,POS Export,2026-04-03T19:09:52.054445+00:00
71,112-0001,Stillwater (OK),2023-03-12,3624.51,POS Export,2026-04-03T19:09:52.054445+00:00
72,112-0001,Stillwater (OK),2023-03-13,5243.21,POS Export,2026-04-03T19:09:52.054445+00:00
73,112-0001,Stillwater (OK),2023-03-14,2879.09,POS Export,2026-04-03T19:09:52.054445+00:00
74,112-0001,Stillwater (OK),2023-03-15,4757.17,POS Export,2026-04-03T19:09:52.054445+00:00
75,112-0001,Stillwater (OK),2023-03-16,2656.34,POS Export,2026-04-03T19:09:52.054445+00:00
76,112-0001,Stillwater (OK),2023-03-17,3743.47,POS Export,2026-04-03T19:09:52.054445+00:00
77,112-0001,Stillwater (OK),2023-03-18,3590.55,POS Export,2026-04-03T19:09:52.054445+00:00
78,112-0001,Stillwater (OK),2023-03-19,4630.51,POS Export,2026-04-03T19:09:52.054445+00:00
79,112-0001,Stillwater (OK),2023-03-20,3281.55,POS Export,2026-04-03T19:09:52.054445+00:00
80,112-0001,Stillwater (OK),2023-03-21,7818.21,POS Export,2026-04-03T19:09:52.054445+00:00
81,112-0001,Stillwater (OK),2023-03-22,3981.33,POS Export,2026-04-03T19:09:52.054445+00:00
82,112-0001,Stillwater (OK),2023-03-23,4471.91,POS Export,2026-04-03T19:09:52.054445+00:00
83,112-0001,Stillwater (OK),2023-03-24,6747.67,POS Export,2026-04-03T19:09:52.054445+00:00
84,112-0001,Stillwater (OK),2023-03-25,8543.07,POS Export,2026-04-03T19:09:52.054445+00:00
85,112-0001,Stillwater (OK),2023-03-26,5712.28,POS Export,2026-04-03T19:09:52.054445+00:00
86,112-0001,Stillwater (OK),2023-03-27,3618.21,POS Export,2026-04-03T19:09:52.054445+00:00
87,112-0001,Stillwater (OK),2023-03-28,3623.55,POS Export,2026-04-03T19:09:52.054445+00:00
88,112-0001,Stillwater (OK),2023-03-29,3393.22,POS Export,2026-04-03T19:09:52.054445+00:00
89,112-0001,Stillwater (OK),2023-03-30,4690.79,POS Export,2026-04-03T19:09:52.054445+00:00
90,112-0001,Stillwater (OK),2023-03-31,8860.07,POS Export,2026-04-03T19:09:52.054445+00:00
91,112-0001,Stillwater (OK),2023-04-01,8653.53,POS Export,2026-04-03T19:09:52.054445+00:00
92,112-0001,Stillwater (OK),2023-04-02,5299.19,POS Export,2026-04-03T19:09:52.054445+00:00
93,112-0001,Stillwater (OK),2023-04-03,6600.37,POS Export,2026-04-03T19:09:52.054445+00:00
94,112-0001,Stillwater (OK),2023-04-04,5573.07,POS Export,2026-04-03T19:09:52.054445+00:00
95,112-0001,Stillwater (OK),2023-04-05,3765.34,POS Export,2026-04-03T19:09:52.054445+00:00
96,112-0001,Stillwater (OK),2023-04-06,3043.35,POS Export,2026-04-03T19:09:52.054445+00:00
97,112-0001,Stillwater (OK),2023-04-07,3767.0,POS Export,2026-04-03T19:09:52.054445+00:00
98,112-0001,Stillwater (OK),2023-04-08,3301.51,POS Export,2026-04-03T19:09:52.054445+00:00
99,112-0001,Stillwater (OK),2023-04-09,3132.03,POS Export,2026-04-03T19:09:52.054445+00:00
100,112-0001,Stillwater (OK),2023-04-10,3357.74,POS Export,2026-04-03T19:09:52.054445+00:00
101,112-0001,Stillwater (OK),2023-04-11,5022.96,POS Export,2026-04-03T19:09:52.054445+00:00
102,112-0001,Stillwater (OK),2023-04-12,3813.16,POS Export,2026-04-03T19:09:52.054445+00:00
103,112-0001,Stillwater (OK),2023-04-13,3867.73,POS Export,2026-04-03T19:09:52.054445+00:00
104,112-0001,Stillwater (OK),2023-04-14,5146.23,POS Export,2026-04-03T19:09:52.054445+00:00
105,112-0001,Stillwater (OK),2023-04-15,9476.72,POS Export,2026-04-03T19:09:52.054445+00:00
106,112-0001,Stillwater (OK),2023-04-16,6814.09,POS Export,2026-04-03T19:09:52.054445+00:00
107,112-0001,Stillwater (OK),2023-04-17,3621.77,POS Export,2026-04-03T19:09:52.054445+00:00
108,112-0001,Stillwater (OK),2023-04-18,7716.42,POS Export,2026-04-03T19:09:52.054445+00:00
109,112-0001,Stillwater (OK),2023-04-19,3319.24,POS Export,2026-04-03T19:09:52.054445+00:00
110,112-0001,Stillwater (OK),2023-04-20,4528.05,POS Export,2026-04-03T19:09:52.054445+00:00
111,112-0001,Stillwater (OK),2023-04-21,5270.83,POS Export,2026-04-03T19:09:52.054445+00:00
112,112-0001,Stillwater (OK),2023-04-22,4897.26,POS Export,2026-04-03T19:09:52.054445+00:00
113,112-0001,Stillwater (OK),2023-04-23,5199.73,POS Export,2026-04-03T19:09:52.054445+00:00
114,112-0001,Stillwater (OK),2023-04-24,3662.74,POS Export,2026-04-03T19:09:52.054445+00:00
115,112-0001,Stillwater (OK),2023-04-25,3600.06,POS Export,2026-04-03T19:09:52.054445+00:00
116,112-0001,Stillwater (OK),2023-04-26,3724.65,POS Export,2026-04-03T19:09:52.054445+00:00
117,112-0001,Stillwater (OK),2023-04-27,3668.75,POS Export,2026-04-03T19:09:52.054445+00:00
118,112-0001,Stillwater (OK),2023-04-28,4974.89,POS Export,2026-04-03T19:09:52.054445+00:00
119,112-0001,Stillwater (OK),2023-04-29,5496.67,POS Export,2026-04-03T19:09:52.054445+00:00
120,112-0001,Stillwater (OK),2023-04-30,5085.96,POS Export,2026-04-03T19:09:52.054445+00:00
121,112-0001,Stillwater (OK),2023-05-01,3824.2,POS Export,2026-04-03T19:09:52.054445+00:00
122,112-0001,Stillwater (OK),2023-05-02,3899.62,POS Export,2026-04-03T19:09:52.054445+00:00
123,112-0001,Stillwater (OK),2023-05-03,3926.63,POS Export,2026-04-03T19:09:52.054445+00:00
124,112-0001,Stillwater (OK),2023-05-04,4589.23,POS Export,2026-04-03T19:09:52.054445+00:00
125,112-0001,Stillwater (OK),2023-05-05,5541.02,POS Export,2026-04-03T19:09:52.054445+00:00
126,112-0001,Stillwater (OK),2023-05-06,6427.08,POS Export,2026-04-03T19:09:52.054445+00:00
127,112-0001,Stillwater (OK),2023-05-07,6981.48,POS Export,2026-04-03T19:09:52.054445+00:00
128,112-0001,Stillwater (OK),2023-05-08,5758.28,POS Export,2026-04-03T19:09:52.054445+00:00
129,112-0001,Stillwater (OK),2023-05-09,5345.51,POS Export,2026-04-03T19:09:52.054445+00:00
130,112-0001,Stillwater (OK),2023-05-10,4457.96,POS Export,2026-04-03T19:09:52.054445+00:00
131,112-0001,Stillwater (OK),2023-05-11,4600.34,POS Export,2026-04-03T19:09:52.054445+00:00
132,112-0001,Stillwater (OK),2023-05-12,7785.82,POS Export,2026-04-03T19:09:52.054445+00:00
133,112-0001,Stillwater (OK),2023-05-13,7299.79,POS Export,2026-04-03T19:09:52.054445+00:00
134,112-0001,Stillwater (OK),2023-05-14,4097.72,POS Export,2026-04-03T19:09:52.054445+00:00
135,112-0001,Stillwater (OK),2023-05-15,3876.1,POS Export,2026-04-03T19:09:52.054445+00:00
136,112-0001,Stillwater (OK),2023-05-16,3045.47,POS Export,2026-04-03T19:09:52.054445+00:00
137,112-0001,Stillwater (OK),2023-05-17,4458.36,POS Export,2026-04-03T19:09:52.054445+00:00
138,112-0001,Stillwater (OK),2023-05-18,4439.44,POS Export,2026-04-03T19:09:52.054445+00:00
139,112-0001,Stillwater (OK),2023-05-19,3942.51,POS Export,2026-04-03T19:09:52.054445+00:00
140,112-0001,Stillwater (OK),2023-05-20,4143.38,POS Export,2026-04-03T19:09:52.054445+00:00
141,112-0001,Stillwater (OK),2023-05-21,4641.06,POS Export,2026-04-03T19:09:52.054445+00:00
142,112-0001,Stillwater (OK),2023-05-22,3008.14,POS Export,2026-04-03T19:09:52.054445+00:00
143,112-0001,Stillwater (OK),2023-05-23,3338.75,POS Export,2026-04-03T19:09:52.054445+00:00
144,112-0001,Stillwater (OK),2023-05-24,3179.7,POS Export,2026-04-03T19:09:52.054445+00:00
145,112-0001,Stillwater (OK),2023-05-25,3219.92,POS Export,2026-04-03T19:09:52.054445+00:00
146,112-0001,Stillwater (OK),2023-05-26,3801.35,POS Export,2026-04-03T19:09:52.054445+00:00
147,112-0001,Stillwater (OK),2023-05-27,3130.11,POS Export,2026-04-03T19:09:52.054445+00:00
148,112-0001,Stillwater (OK),2023-05-28,3653.65,POS Export,2026-04-03T19:09:52.054445+00:00
149,112-0001,Stillwater (OK),2023-05-29,2496.82,POS Export,2026-04-03T19:09:52.054445+00:00
150,112-0001,Stillwater (OK),2023-05-30,3225.87,POS Export,2026-04-03T19:09:52.054445+00:00
151,112-0001,Stillwater (OK),2023-05-31,3480.33,POS Export,2026-04-03T19:09:52.054445+00:00
152,112-0001,Stillwater (OK),2023-06-01,3242.91,POS Export,2026-04-03T19:09:52.054445+00:00
153,112-0001,Stillwater (OK),2023-06-02,5229.62,POS Export,2026-04-03T19:09:52.054445+00:00
154,112-0001,Stillwater (OK),2023-06-03,4517.57,POS Export,2026-04-03T19:09:52.054445+00:00
155,112-0001,Stillwater (OK),2023-06-04,5649.41,POS Export,2026-04-03T19:09:52.054445+00:00
156,112-0001,Stillwater (OK),2023-06-05,9663.72,POS Export,2026-04-03T19:09:52.054445+00:00
157,112-0001,Stillwater (OK),2023-06-06,4505.55,POS Export,2026-04-03T19:09:52.054445+00:00
158,112-0001,Stillwater (OK),2023-06-07,4514.91,POS Export,2026-04-03T19:09:52.054445+00:00
159,112-0001,Stillwater (OK),2023-06-08,3978.88,POS Export,2026-04-03T19:09:52.054445+00:00
160,112-0001,Stillwater (OK),2023-06-09,4898.98,POS Export,2026-04-03T19:09:52.054445+00:00
161,112-0001,Stillwater (OK),2023-06-10,4631.73,POS Export,2026-04-03T19:09:52.054445+00:00
162,112-0001,Stillwater (OK),2023-06-11,3944.6,POS Export,2026-04-03T19:09:52.054445+00:00
163,112-0001,Stillwater (OK),2023-06-12,4623.88,POS Export,2026-04-03T19:09:52.054445+00:00
164,112-0001,Stillwater (OK),2023-06-13,4328.61,POS Export,2026-04-03T19:09:52.054445+00:00
165,112-0001,Stillwater (OK),2023-06-14,4699.94,POS Export,2026-04-03T19:09:52.054445+00:00
166,112-0001,Stillwater (OK),2023-06-15,4754.72,POS Export,2026-04-03T19:09:52.054445+00:00
167,112-0001,Stillwater (OK),2023-06-16,5204.28,POS Export,2026-04-03T19:09:52.054445+00:00
168,112-0001,Stillwater (OK),2023-06-17,4252.49,POS Export,2026-04-03T19:09:52.054445+00:00
169,112-0001,Stillwater (OK),2023-06-18,4654.47,POS Export,2026-04-03T19:09:52.054445+00:00
170,112-0001,Stillwater (OK),2023-06-19,3199.29,POS Export,2026-04-03T19:09:52.054445+00:00
171,112-0001,Stillwater (OK),2023-06-20,3593.22,POS Export,2026-04-03T19:09:52.054445+00:00
172,112-0001,Stillwater (OK),2023-06-21,2988.45,POS Export,2026-04-03T19:09:52.054445+00:00
173,112-0001,Stillwater (OK),2023-06-22,3386.73,POS Export,2026-04-03T19:09:52.054445+00:00
174,112-0001,Stillwater (OK),2023-06-23,4288.58,POS Export,2026-04-03T19:09:52.054445+00:00
175,112-0001,Stillwater (OK),2023-06-24,3056.2,POS Export,2026-04-03T19:09:52.054445+00:00
176,112-0001,Stillwater (OK),2023-06-25,3265.26,POS Export,2026-04-03T19:09:52.054445+00:00
177,112-0001,Stillwater (OK),2023-06-26,2769.49,POS Export,2026-04-03T19:09:52.054445+00:00
178,112-0001,Stillwater (OK),2023-06-27,2586.31,POS Export,2026-04-03T19:09:52.054445+00:00
179,112-0001,Stillwater (OK),2023-06-28,2926.24,POS Export,2026-04-03T19:09:52.054445+00:00
180,112-0001,Stillwater (OK),2023-06-29,3236.76,POS Export,2026-04-03T19:09:52.054445+00:00
181,112-0001,Stillwater (OK),2023-06-30,3633.37,POS Export,2026-04-03T19:09:52.054445+00:00
182,112-0001,Stillwater (OK),2023-07-01,2705.21,POS Export,2026-04-03T19:09:52.054445+00:00
183,112-0001,Stillwater (OK),2023-07-02,2920.11,POS Export,2026-04-03T19:09:52.054445+00:00
184,112-0001,Stillwater (OK),2023-07-03,3144.57,POS Export,2026-04-03T19:09:52.054445+00:00
185,112-0001,Stillwater (OK),2023-07-04,1958.18,POS Export,2026-04-03T19:09:52.054445+00:00
186,112-0001,Stillwater (OK),2023-07-05,2907.19,POS Export,2026-04-03T19:09:52.054445+00:00
187,112-0001,Stillwater (OK),2023-07-06,3446.56,POS Export,2026-04-03T19:09:52.054445+00:00
188,112-0001,Stillwater (OK),2023-07-07,3714.37,POS Export,2026-04-03T19:09:52.054445+00:00
189,112-0001,Stillwater (OK),2023-07-08,3409.21,POS Export,2026-04-03T19:09:52.054445+00:00
190,112-0001,Stillwater (OK),2023-07-09,3761.57,POS Export,2026-04-03T19:09:52.054445+00:00
191,112-0001,Stillwater (OK),2023-07-10,2832.47,POS Export,2026-04-03T19:09:52.054445+00:00
192,112-0001,Stillwater (OK),2023-07-11,2895.36,POS Export,2026-04-03T19:09:52.054445+00:00
193,112-0001,Stillwater (OK),2023-07-12,2471.21,POS Export,2026-04-03T19:09:52.054445+00:00
194,112-0001,Stillwater (OK),2023-07-13,3122.31,POS Export,2026-04-03T19:09:52.054445+00:00
195,112-0001,Stillwater (OK),2023-07-14,3920.34,POS Export,2026-04-03T19:09:52.054445+00:00
196,112-0001,Stillwater (OK),2023-07-15,3080.01,POS Export,2026-04-03T19:09:52.054445+00:00
197,112-0001,Stillwater (OK),2023-07-16,3703.27,POS Export,2026-04-03T19:09:52.054445+00:00
198,112-0001,Stillwater (OK),2023-07-17,2702.13,POS Export,2026-04-03T19:09:52.054445+00:00
199,112-0001,Stillwater (OK),2023-07-18,3629.39,POS Export,2026-04-03T19:09:52.054445+00:00
200,112-0001,Stillwater (OK),2023-07-19,4213.15,POS Export,2026-04-03T19:09:52.054445+00:00
201,112-0001,Stillwater (OK),2023-07-20,3588.4,POS Export,2026-04-03T19:09:52.054445+00:00
202,112-0001,Stillwater (OK),2023-07-21,3389.98,POS Export,2026-04-03T19:09:52.054445+00:00
203,112-0001,Stillwater (OK),2023-07-22,3431.06,POS Export,2026-04-03T19:09:52.054445+00:00
204,112-0001,Stillwater (OK),2023-07-23,3971.65,POS Export,2026-04-03T19:09:52.054445+00:00
205,112-0001,Stillwater (OK),2023-07-24,2614.36,POS Export,2026-04-03T19:09:52.054445+00:00
206,112-0001,Stillwater (OK),2023-07-25,2594.97,POS Export,2026-04-03T19:09:52.054445+00:00
207,112-0001,Stillwater (OK),2023-07-26,2784.99,POS Export,2026-04-03T19:09:52.054445+00:00
208,112-0001,Stillwater (OK),2023-07-27,3102.36,POS Export,2026-04-03T19:09:52.054445+00:00
209,112-0001,Stillwater (OK),2023-07-28,4261.63,POS Export,2026-04-03T19:09:52.054445+00:00
210,112-0001,Stillwater (OK),2023-07-29,3281.12,POS Export,2026-04-03T19:09:52.054445+00:00
211,112-0001,Stillwater (OK),2023-07-30,3110.71,POS Export,2026-04-03T19:09:52.054445+00:00
212,112-0001,Stillwater (OK),2023-07-31,2358.84,POS Export,2026-04-03T19:09:52.054445+00:00
213,112-0001,Stillwater (OK),2023-08-01,2980.47,POS Export,2026-04-03T19:09:52.054445+00:00
214,112-0001,Stillwater (OK),2023-08-02,3309.66,POS Export,2026-04-03T19:09:52.054445+00:00
215,112-0001,Stillwater (OK),2023-08-03,3398.32,POS Export,2026-04-03T19:09:52.054445+00:00
216,112-0001,Stillwater (OK),2023-08-04,3688.44,POS Export,2026-04-03T19:09:52.054445+00:00
217,112-0001,Stillwater (OK),2023-08-05,3331.56,POS Export,2026-04-03T19:09:52.054445+00:00
218,112-0001,Stillwater (OK),2023-08-06,3654.5,POS Export,2026-04-03T19:09:52.054445+00:00
219,112-0001,Stillwater (OK),2023-08-07,2977.84,POS Export,2026-04-03T19:09:52.054445+00:00
220,112-0001,Stillwater (OK),2023-08-08,3300.2,POS Export,2026-04-03T19:09:52.054445+00:00
221,112-0001,Stillwater (OK),2023-08-09,3582.2,POS Export,2026-04-03T19:09:52.054445+00:00
222,112-0001,Stillwater (OK),2023-08-10,3263.82,POS Export,2026-04-03T19:09:52.054445+00:00
223,112-0001,Stillwater (OK),2023-08-11,4206.28,POS Export,2026-04-03T19:09:52.054445+00:00
224,112-0001,Stillwater (OK),2023-08-12,3928.16,POS Export,2026-04-03T19:09:52.054445+00:00
225,112-0001,Stillwater (OK),2023-08-13,4218.43,POS Export,2026-04-03T19:09:52.054445+00:00
226,112-0001,Stillwater (OK),2023-08-14,4012.62,POS Export,2026-04-03T19:09:52.054445+00:00
227,112-0001,Stillwater (OK),2023-08-15,3731.1,POS Export,2026-04-03T19:09:52.054445+00:00
228,112-0001,Stillwater (OK),2023-08-16,4727.9,POS Export,2026-04-03T19:09:52.054445+00:00
229,112-0001,Stillwater (OK),2023-08-17,4133.65,POS Export,2026-04-03T19:09:52.054445+00:00
230,112-0001,Stillwater (OK),2023-08-18,4987.66,POS Export,2026-04-03T19:09:52.054445+00:00
231,112-0001,Stillwater (OK),2023-08-19,5009.0,POS Export,2026-04-03T19:09:52.054445+00:00
232,112-0001,Stillwater (OK),2023-08-20,5783.36,POS Export,2026-04-03T19:09:52.054445+00:00
233,112-0001,Stillwater (OK),2023-08-21,3205.11,POS Export,2026-04-03T19:09:52.054445+00:00
234,112-0001,Stillwater (OK),2023-08-22,3762.57,POS Export,2026-04-03T19:09:52.054445+00:00
235,112-0001,Stillwater (OK),2023-08-23,3568.9,POS Export,2026-04-03T19:09:52.054445+00:00
236,112-0001,Stillwater (OK),2023-08-24,3485.6,POS Export,2026-04-03T19:09:52.054445+00:00
237,112-0001,Stillwater (OK),2023-08-25,4771.19,POS Export,2026-04-03T19:09:52.054445+00:00
238,112-0001,Stillwater (OK),2023-08-26,4973.26,POS Export,2026-04-03T19:09:52.054445+00:00
239,112-0001,Stillwater (OK),2023-08-27,5324.1,POS Export,2026-04-03T19:09:52.054445+00:00
240,112-0001,Stillwater (OK),2023-08-28,3309.1,POS Export,2026-04-03T19:09:52.054445+00:00
241,112-0001,Stillwater (OK),2023-08-29,3531.47,POS Export,2026-04-03T19:09:52.054445+00:00
242,112-0001,Stillwater (OK),2023-08-30,4036.78,POS Export,2026-04-03T19:09:52.054445+00:00
243,112-0001,Stillwater (OK),2023-08-31,4539.11,POS Export,2026-04-03T19:09:52.054445+00:00
244,112-0001,Stillwater (OK),2023-09-01,5187.07,POS Export,2026-04-03T19:09:52.054445+00:00
245,112-0001,Stillwater (OK),2023-09-02,6959.51,POS Export,2026-04-03T19:09:52.054445+00:00
246,112-0001,Stillwater (OK),2023-09-03,5100.72,POS Export,2026-04-03T19:09:52.054445+00:00
247,112-0001,Stillwater (OK),2023-09-04,4516.43,POS Export,2026-04-03T19:09:52.054445+00:00
248,112-0001,Stillwater (OK),2023-09-05,2903.6,POS Export,2026-04-03T19:09:52.054445+00:00
249,112-0001,Stillwater (OK),2023-09-06,3241.39,POS Export,2026-04-03T19:09:52.054445+00:00
250,112-0001,Stillwater (OK),2023-09-07,3034.98,POS Export,2026-04-03T19:09:52.054445+00:00
251,112-0001,Stillwater (OK),2023-09-08,4012.69,POS Export,2026-04-03T19:09:52.054445+00:00
252,112-0001,Stillwater (OK),2023-09-09,4015.44,POS Export,2026-04-03T19:09:52.054445+00:00
253,112-0001,Stillwater (OK),2023-09-10,4805.72,POS Export,2026-04-03T19:09:52.054445+00:00
254,112-0001,Stillwater (OK),2023-09-11,3087.72,POS Export,2026-04-03T19:09:52.054445+00:00
255,112-0001,Stillwater (OK),2023-09-12,3804.46,POS Export,2026-04-03T19:09:52.054445+00:00
256,112-0001,Stillwater (OK),2023-09-13,3983.84,POS Export,2026-04-03T19:09:52.054445+00:00
257,112-0001,Stillwater (OK),2023-09-14,3921.9,POS Export,2026-04-03T19:09:52.054445+00:00
258,112-0001,Stillwater (OK),2023-09-15,4804.55,POS Export,2026-04-03T19:09:52.054445+00:00
259,112-0001,Stillwater (OK),2023-09-16,7628.93,POS Export,2026-04-03T19:09:52.054445+00:00
260,112-0001,Stillwater (OK),2023-09-17,5839.02,POS Export,2026-04-03T19:09:52.054445+00:00
261,112-0001,Stillwater (OK),2023-09-18,4248.88,POS Export,2026-04-03T19:09:52.054445+00:00
262,112-0001,Stillwater (OK),2023-09-19,3254.99,POS Export,2026-04-03T19:09:52.054445+00:00
263,112-0001,Stillwater (OK),2023-09-20,3435.5,POS Export,2026-04-03T19:09:52.054445+00:00
264,112-0001,Stillwater (OK),2023-09-21,3686.01,POS Export,2026-04-03T19:09:52.054445+00:00
265,112-0001,Stillwater (OK),2023-09-22,4967.98,POS Export,2026-04-03T19:09:52.054445+00:00
266,112-0001,Stillwater (OK),2023-09-23,4582.87,POS Export,2026-04-03T19:09:52.054445+00:00
267,112-0001,Stillwater (OK),2023-09-24,5334.75,POS Export,2026-04-03T19:09:52.054445+00:00
268,112-0001,Stillwater (OK),2023-09-25,3155.82,POS Export,2026-04-03T19:09:52.054445+00:00
269,112-0001,Stillwater (OK),2023-09-26,3649.2,POS Export,2026-04-03T19:09:52.054445+00:00
270,112-0001,Stillwater (OK),2023-09-27,3151.04,POS Export,2026-04-03T19:09:52.054445+00:00
271,112-0001,Stillwater (OK),2023-09-28,4178.79,POS Export,2026-04-03T19:09:52.054445+00:00
272,112-0001,Stillwater (OK),2023-09-29,4967.88,POS Export,2026-04-03T19:09:52.054445+00:00
273,112-0001,Stillwater (OK),2023-09-30,3953.23,POS Export,2026-04-03T19:09:52.054445+00:00
274,112-0001,Stillwater (OK),2023-10-01,4800.4,POS Export,2026-04-03T19:09:52.054445+00:00
275,112-0001,Stillwater (OK),2023-10-02,3648.46,POS Export,2026-04-03T19:09:52.054445+00:00
276,112-0001,Stillwater (OK),2023-10-03,3589.43,POS Export,2026-04-03T19:09:52.054445+00:00
277,112-0001,Stillwater (OK),2023-10-04,3486.55,POS Export,2026-04-03T19:09:52.054445+00:00
278,112-0001,Stillwater (OK),2023-10-05,4276.62,POS Export,2026-04-03T19:09:52.054445+00:00
279,112-0001,Stillwater (OK),2023-10-06,5103.79,POS Export,2026-04-03T19:09:52.054445+00:00
280,112-0001,Stillwater (OK),2023-10-07,5430.37,POS Export,2026-04-03T19:09:52.054445+00:00
281,112-0001,Stillwater (OK),2023-10-08,4763.1,POS Export,2026-04-03T19:09:52.054445+00:00
282,112-0001,Stillwater (OK),2023-10-09,3448.11,POS Export,2026-04-03T19:09:52.054445+00:00
283,112-0001,Stillwater (OK),2023-10-10,3485.62,POS Export,2026-04-03T19:09:52.054445+00:00
284,112-0001,Stillwater (OK),2023-10-11,3606.66,POS Export,2026-04-03T19:09:52.054445+00:00
285,112-0001,Stillwater (OK),2023-10-12,4382.43,POS Export,2026-04-03T19:09:52.054445+00:00
286,112-0001,Stillwater (OK),2023-10-13,4934.98,POS Export,2026-04-03T19:09:52.054445+00:00
287,112-0001,Stillwater (OK),2023-10-14,6148.02,POS Export,2026-04-03T19:09:52.054445+00:00
288,112-0001,Stillwater (OK),2023-10-15,5593.4,POS Export,2026-04-03T19:09:52.054445+00:00
289,112-0001,Stillwater (OK),2023-10-16,3522.12,POS Export,2026-04-03T19:09:52.054445+00:00
290,112-0001,Stillwater (OK),2023-10-17,4249.9,POS Export,2026-04-03T19:09:52.054445+00:00
291,112-0001,Stillwater (OK),2023-10-18,3460.55,POS Export,2026-04-03T19:09:52.054445+00:00
292,112-0001,Stillwater (OK),2023-10-19,4506.88,POS Export,2026-04-03T19:09:52.054445+00:00
293,112-0001,Stillwater (OK),2023-10-20,4538.14,POS Export,2026-04-03T19:09:52.054445+00:00
294,112-0001,Stillwater (OK),2023-10-21,3809.4,POS Export,2026-04-03T19:09:52.054445+00:00
295,112-0001,Stillwater (OK),2023-10-22,4705.5,POS Export,2026-04-03T19:09:52.054445+00:00
296,112-0001,Stillwater (OK),2023-10-23,3685.52,POS Export,2026-04-03T19:09:52.054445+00:00
297,112-0001,Stillwater (OK),2023-10-24,3632.42,POS Export,2026-04-03T19:09:52.054445+00:00
298,112-0001,Stillwater (OK),2023-10-25,3151.78,POS Export,2026-04-03T19:09:52.054445+00:00
299,112-0001,Stillwater (OK),2023-10-26,4801.07,POS Export,2026-04-03T19:09:52.054445+00:00
300,112-0001,Stillwater (OK),2023-10-27,6320.46,POS Export,2026-04-03T19:09:52.054445+00:00
301,112-0001,Stillwater (OK),2023-10-28,5766.26,POS Export,2026-04-03T19:09:52.054445+00:00
302,112-0001,Stillwater (OK),2023-10-29,5678.89,POS Export,2026-04-03T19:09:52.054445+00:00
303,112-0001,Stillwater (OK),2023-10-30,2826.16,POS Export,2026-04-03T19:09:52.054445+00:00
304,112-0001,Stillwater (OK),2023-10-31,3145.33,POS Export,2026-04-03T19:09:52.054445+00:00
305,112-0001,Stillwater (OK),2023-11-01,3329.69,POS Export,2026-04-03T19:09:52.054445+00:00
306,112-0001,Stillwater (OK),2023-11-02,3825.47,POS Export,2026-04-03T19:09:52.054445+00:00
307,112-0001,Stillwater (OK),2023-11-03,5340.18,POS Export,2026-04-03T19:09:52.054445+00:00
308,112-0001,Stillwater (OK),2023-11-04,7282.32,POS Export,2026-04-03T19:09:52.054445+00:00
309,112-0001,Stillwater (OK),2023-11-05,5810.15,POS Export,2026-04-03T19:09:52.054445+00:00
310,112-0001,Stillwater (OK),2023-11-06,3119.42,POS Export,2026-04-03T19:09:52.054445+00:00
311,112-0001,Stillwater (OK),2023-11-07,3775.68,POS Export,2026-04-03T19:09:52.054445+00:00
312,112-0001,Stillwater (OK),2023-11-08,3130.29,POS Export,2026-04-03T19:09:52.054445+00:00
313,112-0001,Stillwater (OK),2023-11-09,3978.22,POS Export,2026-04-03T19:09:52.054445+00:00
314,112-0001,Stillwater (OK),2023-11-10,4726.51,POS Export,2026-04-03T19:09:52.054445+00:00
315,112-0001,Stillwater (OK),2023-11-11,4485.2,POS Export,2026-04-03T19:09:52.054445+00:00
316,112-0001,Stillwater (OK),2023-11-12,4841.43,POS Export,2026-04-03T19:09:52.054445+00:00
317,112-0001,Stillwater (OK),2023-11-13,3099.85,POS Export,2026-04-03T19:09:52.054445+00:00
318,112-0001,Stillwater (OK),2023-11-14,3527.36,POS Export,2026-04-03T19:09:52.054445+00:00
319,112-0001,Stillwater (OK),2023-11-15,4000.46,POS Export,2026-04-03T19:09:52.054445+00:00
320,112-0001,Stillwater (OK),2023-11-16,3845.49,POS Export,2026-04-03T19:09:52.054445+00:00
321,112-0001,Stillwater (OK),2023-11-17,4601.66,POS Export,2026-04-03T19:09:52.054445+00:00
322,112-0001,Stillwater (OK),2023-11-18,3032.12,POS Export,2026-04-03T19:09:52.054445+00:00
323,112-0001,Stillwater (OK),2023-11-19,2951.61,POS Export,2026-04-03T19:09:52.054445+00:00
324,112-0001,Stillwater (OK),2023-11-20,2431.94,POS Export,2026-04-03T19:09:52.054445+00:00
325,112-0001,Stillwater (OK),2023-11-21,2519.58,POS Export,2026-04-03T19:09:52.054445+00:00
326,112-0001,Stillwater (OK),2023-11-22,3079.09,POS Export,2026-04-03T19:09:52.054445+00:00
327,112-0001,Stillwater (OK),2023-11-23,0.0,POS Export,2026-04-03T19:09:52.054445+00:00
328,112-0001,Stillwater (OK),2023-11-24,2903.34,POS Export,2026-04-03T19:09:52.054445+00:00
329,112-0001,Stillwater (OK),2023-11-25,5450.16,POS Export,2026-04-03T19:09:52.054445+00:00
330,112-0001,Stillwater (OK),2023-11-26,4389.98,POS Export,2026-04-03T19:09:52.054445+00:00
331,112-0001,Stillwater (OK),2023-11-27,2659.34,POS Export,2026-04-03T19:09:52.054445+00:00
332,112-0001,Stillwater (OK),2023-11-28,3478.52,POS Export,2026-04-03T19:09:52.054445+00:00
333,112-0001,Stillwater (OK),2023-11-29,3773.11,POS Export,2026-04-03T19:09:52.054445+00:00
334,112-0001,Stillwater (OK),2023-11-30,4337.39,POS Export,2026-04-03T19:09:52.054445+00:00
335,112-0001,Stillwater (OK),2023-12-01,4040.48,POS Export,2026-04-03T19:09:52.054445+00:00
336,112-0001,Stillwater (OK),2023-12-02,3705.11,POS Export,2026-04-03T19:09:52.054445+00:00
337,112-0001,Stillwater (OK),2023-12-03,3947.99,POS Export,2026-04-03T19:09:52.054445+00:00
338,112-0001,Stillwater (OK),2023-12-04,3161.52,POS Export,2026-04-03T19:09:52.054445+00:00
339,112-0001,Stillwater (OK),2023-12-05,3722.03,POS Export,2026-04-03T19:09:52.054445+00:00
340,112-0001,Stillwater (OK),2023-12-06,3508.91,POS Export,2026-04-03T19:09:52.054445+00:00
341,112-0001,Stillwater (OK),2023-12-07,5760.56,POS Export,2026-04-03T19:09:52.054445+00:00
342,112-0001,Stillwater (OK),2023-12-08,5622.8,POS Export,2026-04-03T19:09:52.054445+00:00
343,112-0001,Stillwater (OK),2023-12-09,4823.81,POS Export,2026-04-03T19:09:52.054445+00:00
344,112-0001,Stillwater (OK),2023-12-10,4568.47,POS Export,2026-04-03T19:09:52.054445+00:00
345,112-0001,Stillwater (OK),2023-12-11,3445.31,POS Export,2026-04-03T19:09:52.054445+00:00
346,112-0001,Stillwater (OK),2023-12-12,3282.09,POS Export,2026-04-03T19:09:52.054445+00:00
347,112-0001,Stillwater (OK),2023-12-13,3508.19,POS Export,2026-04-03T19:09:52.054445+00:00
348,112-0001,Stillwater (OK),2023-12-14,4142.22,POS Export,2026-04-03T19:09:52.054445+00:00
349,112-0001,Stillwater (OK),2023-12-15,4046.31,POS Export,2026-04-03T19:09:52.054445+00:00
350,112-0001,Stillwater (OK),2023-12-16,4053.01,POS Export,2026-04-03T19:09:52.054445+00:00
351,112-0001,Stillwater (OK),2023-12-17,3372.79,POS Export,2026-04-03T19:09:52.054445+00:00
352,112-0001,Stillwater (OK),2023-12-18,2989.52,POS Export,2026-04-03T19:09:52.054445+00:00
353,112-0001,Stillwater (OK),2023-12-19,2833.96,POS Export,2026-04-03T19:09:52.054445+00:00
354,112-0001,Stillwater (OK),2023-12-20,2679.92,POS Export,2026-04-03T19:09:52.054445+00:00
355,112-0001,Stillwater (OK),2023-12-21,2583.61,POS Export,2026-04-03T19:09:52.054445+00:00
356,112-0001,Stillwater (OK),2023-12-22,2892.02,POS Export,2026-04-03T19:09:52.054445+00:00
357,112-0001,Stillwater (OK),2023-12-23,2175.04,POS Export,2026-04-03T19:09:52.054445+00:00
358,112-0001,Stillwater (OK),2023-12-24,1297.02,POS Export,2026-04-03T19:09:52.054445+00:00
359,112-0001,Stillwater (OK),2023-12-25,0.0,POS Export,2026-04-03T19:09:52.054445+00:00
360,112-0001,Stillwater (OK),2023-12-26,1930.26,POS Export,2026-04-03T19:09:52.054445+00:00
361,112-0001,Stillwater (OK),2023-12-27,1973.36,POS Export,2026-04-03T19:09:52.054445+00:00
362,112-0001,Stillwater (OK),2023-12-28,2748.73,POS Export,2026-04-03T19:09:52.054445+00:00
363,112-0001,Stillwater (OK),2023-12-29,2925.62,POS Export,2026-04-03T19:09:52.054445+00:00
364,112-0001,Stillwater (OK),2023-12-30,2574.91,POS Export,2026-04-03T19:09:52.054445+00:00
365,112-0001,Stillwater (OK),2023-12-31,3217.28,POS Export,2026-04-03T19:09:52.054445+00:00
366,112-0001,Stillwater (OK),2024-01-01,2670.28,POS Export,2026-04-03T19:09:52.054445+00:00
367,112-0001,Stillwater (OK),2024-01-02,1990.23,POS Export,2026-04-03T19:09:52.054445+00:00
368,112-0001,Stillwater (OK),2024-01-03,2773.07,POS Export,2026-04-03T19:09:52.054445+00:00
369,112-0001,Stillwater (OK),2024-01-04,2200.28,POS Export,2026-04-03T19:09:52.054445+00:00
370,112-0001,Stillwater (OK),2024-01-05,3652.26,POS Export,2026-04-03T19:09:52.054445+00:00
371,112-0001,Stillwater (OK),2024-01-06,3705.05,POS Export,2026-04-03T19:09:52.054445+00:00
372,112-0001,Stillwater (OK),2024-01-07,3141.76,POS Export,2026-04-03T19:09:52.054445+00:00
373,112-0001,Stillwater (OK),2024-01-08,2157.5,POS Export,2026-04-03T19:09:52.054445+00:00
374,112-0001,Stillwater (OK),2024-01-09,2152.27,POS Export,2026-04-03T19:09:52.054445+00:00
375,112-0001,Stillwater (OK),2024-01-10,3246.03,POS Export,2026-04-03T19:09:52.054445+00:00
376,112-0001,Stillwater (OK),2024-01-11,3244.46,POS Export,2026-04-03T19:09:52.054445+00:00
377,112-0001,Stillwater (OK),2024-01-12,2891.25,POS Export,2026-04-03T19:09:52.054445+00:00
378,112-0001,Stillwater (OK),2024-01-13,2257.0,POS Export,2026-04-03T19:09:52.054445+00:00
379,112-0001,Stillwater (OK),2024-01-14,1636.18,POS Export,2026-04-03T19:09:52.054445+00:00
380,112-0001,Stillwater (OK),2024-01-15,3242.38,POS Export,2026-04-03T19:09:52.054445+00:00
381,112-0001,Stillwater (OK),2024-01-16,2444.29,POS Export,2026-04-03T19:09:52.054445+00:00
382,112-0001,Stillwater (OK),2024-01-17,3027.64,POS Export,2026-04-03T19:09:52.054445+00:00
383,112-0001,Stillwater (OK),2024-01-18,3613.81,POS Export,2026-04-03T19:09:52.054445+00:00
384,112-0001,Stillwater (OK),2024-01-19,3961.43,POS Export,2026-04-03T19:09:52.054445+00:00
385,112-0001,Stillwater (OK),2024-01-20,4610.0,POS Export,2026-04-03T19:09:52.054445+00:00
386,112-0001,Stillwater (OK),2024-01-21,4458.03,POS Export,2026-04-03T19:09:52.054445+00:00
387,112-0001,Stillwater (OK),2024-01-22,359.28,POS Export,2026-04-03T19:09:52.054445+00:00
388,112-0001,Stillwater (OK),2024-01-23,2920.92,POS Export,2026-04-03T19:09:52.054445+00:00
389,112-0001,Stillwater (OK),2024-01-24,3284.41,POS Export,2026-04-03T19:09:52.054445+00:00
390,112-0001,Stillwater (OK),2024-01-25,3462.63,POS Export,2026-04-03T19:09:52.054445+00:00
391,112-0001,Stillwater (OK),2024-01-26,5082.9,POS Export,2026-04-03T19:09:52.054445+00:00
392,112-0001,Stillwater (OK),2024-01-27,4860.65,POS Export,2026-04-03T19:09:52.054445+00:00
393,112-0001,Stillwater (OK),2024-01-28,4719.01,POS Export,2026-04-03T19:09:52.054445+00:00
394,112-0001,Stillwater (OK),2024-01-29,3422.33,POS Export,2026-04-03T19:09:52.054445+00:00
395,112-0001,Stillwater (OK),2024-01-30,2832.56,POS Export,2026-04-03T19:09:52.054445+00:00
396,112-0001,Stillwater (OK),2024-01-31,3765.56,POS Export,2026-04-03T19:09:52.054445+00:00
397,112-0001,Stillwater (OK),2024-02-01,4057.8,POS Export,2026-04-03T19:09:52.054445+00:00
398,112-0001,Stillwater (OK),2024-02-02,4834.89,POS Export,2026-04-03T19:09:52.054445+00:00
399,112-0001,Stillwater (OK),2024-02-03,5261.85,POS Export,2026-04-03T19:09:52.054445+00:00
400,112-0001,Stillwater (OK),2024-02-04,4585.79,POS Export,2026-04-03T19:09:52.054445+00:00
401,112-0001,Stillwater (OK),2024-02-05,3074.27,POS Export,2026-04-03T19:09:52.054445+00:00
402,112-0001,Stillwater (OK),2024-02-06,3965.25,POS Export,2026-04-03T19:09:52.054445+00:00
403,112-0001,Stillwater (OK),2024-02-07,3173.76,POS Export,2026-04-03T19:09:52.054445+00:00
404,112-0001,Stillwater (OK),2024-02-08,3451.46,POS Export,2026-04-03T19:09:52.054445+00:00
405,112-0001,Stillwater (OK),2024-02-09,4526.19,POS Export,2026-04-03T19:09:52.054445+00:00
406,112-0001,Stillwater (OK),2024-02-10,4732.59,POS Export,2026-04-03T19:09:52.054445+00:00
407,112-0001,Stillwater (OK),2024-02-11,3683.09,POS Export,2026-04-03T19:09:52.054445+00:00
408,112-0001,Stillwater (OK),2024-02-12,3308.4,POS Export,2026-04-03T19:09:52.054445+00:00
409,112-0001,Stillwater (OK),2024-02-13,3186.51,POS Export,2026-04-03T19:09:52.054445+00:00
410,112-0001,Stillwater (OK),2024-02-14,3709.59,POS Export,2026-04-03T19:09:52.054445+00:00
411,112-0001,Stillwater (OK),2024-02-15,3741.58,POS Export,2026-04-03T19:09:52.054445+00:00
412,112-0001,Stillwater (OK),2024-02-16,4639.0,POS Export,2026-04-03T19:09:52.054445+00:00
413,112-0001,Stillwater (OK),2024-02-17,4950.54,POS Export,2026-04-03T19:09:52.054445+00:00
414,112-0001,Stillwater (OK),2024-02-18,6341.99,POS Export,2026-04-03T19:09:52.054445+00:00
415,112-0001,Stillwater (OK),2024-02-19,2948.41,POS Export,2026-04-03T19:09:52.054445+00:00
416,112-0001,Stillwater (OK),2024-02-20,3929.91,POS Export,2026-04-03T19:09:52.054445+00:00
417,112-0001,Stillwater (OK),2024-02-21,3717.86,POS Export,2026-04-03T19:09:52.054445+00:00
418,112-0001,Stillwater (OK),2024-02-22,3884.15,POS Export,2026-04-03T19:09:52.054445+00:00
419,112-0001,Stillwater (OK),2024-02-23,5024.11,POS Export,2026-04-03T19:09:52.054445+00:00
420,112-0001,Stillwater (OK),2024-02-24,4903.82,POS Export,2026-04-03T19:09:52.054445+00:00
421,112-0001,Stillwater (OK),2024-02-25,6732.54,POS Export,2026-04-03T19:09:52.054445+00:00
422,112-0001,Stillwater (OK),2024-02-26,3252.62,POS Export,2026-04-03T19:09:52.054445+00:00
423,112-0001,Stillwater (OK),2024-02-27,3925.36,POS Export,2026-04-03T19:09:52.054445+00:00
424,112-0001,Stillwater (OK),2024-02-28,3214.45,POS Export,2026-04-03T19:09:52.054445+00:00
425,112-0001,Stillwater (OK),2024-02-29,3664.78,POS Export,2026-04-03T19:09:52.054445+00:00
426,112-0001,Stillwater (OK),2024-03-01,5065.76,POS Export,2026-04-03T19:09:52.054445+00:00
427,112-0001,Stillwater (OK),2024-03-02,4426.16,POS Export,2026-04-03T19:09:52.054445+00:00
428,112-0001,Stillwater (OK),2024-03-03,5032.66,POS Export,2026-04-03T19:09:52.054445+00:00
429,112-0001,Stillwater (OK),2024-03-04,2894.39,POS Export,2026-04-03T19:09:52.054445+00:00
430,112-0001,Stillwater (OK),2024-03-05,3738.8,POS Export,2026-04-03T19:09:52.054445+00:00
431,112-0001,Stillwater (OK),2024-03-06,3787.07,POS Export,2026-04-03T19:09:52.054445+00:00
432,112-0001,Stillwater (OK),2024-03-07,3779.45,POS Export,2026-04-03T19:09:52.054445+00:00
433,112-0001,Stillwater (OK),2024-03-08,4850.11,POS Export,2026-04-03T19:09:52.054445+00:00
434,112-0001,Stillwater (OK),2024-03-09,5106.13,POS Export,2026-04-03T19:09:52.054445+00:00
435,112-0001,Stillwater (OK),2024-03-10,5083.75,POS Export,2026-04-03T19:09:52.054445+00:00
436,112-0001,Stillwater (OK),2024-03-11,3570.88,POS Export,2026-04-03T19:09:52.054445+00:00
437,112-0001,Stillwater (OK),2024-03-12,3771.71,POS Export,2026-04-03T19:09:52.054445+00:00
438,112-0001,Stillwater (OK),2024-03-13,3488.23,POS Export,2026-04-03T19:09:52.054445+00:00
439,112-0001,Stillwater (OK),2024-03-14,3880.94,POS Export,2026-04-03T19:09:52.054445+00:00
440,112-0001,Stillwater (OK),2024-03-15,4462.96,POS Export,2026-04-03T19:09:52.054445+00:00
441,112-0001,Stillwater (OK),2024-03-16,3461.87,POS Export,2026-04-03T19:09:52.054445+00:00
442,112-0001,Stillwater (OK),2024-03-17,3825.01,POS Export,2026-04-03T19:09:52.054445+00:00
443,112-0001,Stillwater (OK),2024-03-18,2440.72,POS Export,2026-04-03T19:09:52.054445+00:00
444,112-0001,Stillwater (OK),2024-03-19,3114.84,POS Export,2026-04-03T19:09:52.054445+00:00
445,112-0001,Stillwater (OK),2024-03-20,2870.41,POS Export,2026-04-03T19:09:52.054445+00:00
446,112-0001,Stillwater (OK),2024-03-21,2586.08,POS Export,2026-04-03T19:09:52.054445+00:00
447,112-0001,Stillwater (OK),2024-03-22,4025.32,POS Export,2026-04-03T19:09:52.054445+00:00
448,112-0001,Stillwater (OK),2024-03-23,4277.42,POS Export,2026-04-03T19:09:52.054445+00:00
449,112-0001,Stillwater (OK),2024-03-24,6297.85,POS Export,2026-04-03T19:09:52.054445+00:00
450,112-0001,Stillwater (OK),2024-03-25,3484.65,POS Export,2026-04-03T19:09:52.054445+00:00
451,112-0001,Stillwater (OK),2024-03-26,3758.3,POS Export,2026-04-03T19:09:52.054445+00:00
452,112-0001,Stillwater (OK),2024-03-27,4201.42,POS Export,2026-04-03T19:09:52.054445+00:00
453,112-0001,Stillwater (OK),2024-03-28,4575.79,POS Export,2026-04-03T19:09:52.054445+00:00
454,112-0001,Stillwater (OK),2024-03-29,5131.92,POS Export,2026-04-03T19:09:52.054445+00:00
455,112-0001,Stillwater (OK),2024-03-30,4029.69,POS Export,2026-04-03T19:09:52.054445+00:00
456,112-0001,Stillwater (OK),2024-03-31,3539.52,POS Export,2026-04-03T19:09:52.054445+00:00
457,112-0001,Stillwater (OK),2024-04-01,3342.52,POS Export,2026-04-03T19:09:52.054445+00:00
458,112-0001,Stillwater (OK),2024-04-02,3971.98,POS Export,2026-04-03T19:09:52.054445+00:00
459,112-0001,Stillwater (OK),2024-04-03,4128.66,POS Export,2026-04-03T19:09:52.054445+00:00
460,112-0001,Stillwater (OK),2024-04-04,4816.25,POS Export,2026-04-03T19:09:52.054445+00:00
461,112-0001,Stillwater (OK),2024-04-05,5346.93,POS Export,2026-04-03T19:09:52.054445+00:00
462,112-0001,Stillwater (OK),2024-04-06,6501.97,POS Export,2026-04-03T19:09:52.054445+00:00
463,112-0001,Stillwater (OK),2024-04-07,6427.19,POS Export,2026-04-03T19:09:52.054445+00:00
464,112-0001,Stillwater (OK),2024-04-08,3953.31,POS Export,2026-04-03T19:09:52.054445+00:00
465,112-0001,Stillwater (OK),2024-04-09,3760.68,POS Export,2026-04-03T19:09:52.054445+00:00
466,112-0001,Stillwater (OK),2024-04-10,3543.74,POS Export,2026-04-03T19:09:52.054445+00:00
467,112-0001,Stillwater (OK),2024-04-11,3774.76,POS Export,2026-04-03T19:09:52.054445+00:00
468,112-0001,Stillwater (OK),2024-04-12,5390.54,POS Export,2026-04-03T19:09:52.054445+00:00
469,112-0001,Stillwater (OK),2024-04-13,5006.83,POS Export,2026-04-03T19:09:52.054445+00:00
470,112-0001,Stillwater (OK),2024-04-14,4965.07,POS Export,2026-04-03T19:09:52.054445+00:00
471,112-0001,Stillwater (OK),2024-04-15,3602.34,POS Export,2026-04-03T19:09:52.054445+00:00
472,112-0001,Stillwater (OK),2024-04-16,4289.65,POS Export,2026-04-03T19:09:52.054445+00:00
473,112-0001,Stillwater (OK),2024-04-17,5663.33,POS Export,2026-04-03T19:09:52.054445+00:00
474,112-0001,Stillwater (OK),2024-04-18,4209.98,POS Export,2026-04-03T19:09:52.054445+00:00
475,112-0001,Stillwater (OK),2024-04-19,4602.29,POS Export,2026-04-03T19:09:52.054445+00:00
476,112-0001,Stillwater (OK),2024-04-20,4737.19,POS Export,2026-04-03T19:09:52.054445+00:00
477,112-0001,Stillwater (OK),2024-04-21,5114.2,POS Export,2026-04-03T19:09:52.054445+00:00
478,112-0001,Stillwater (OK),2024-04-22,3647.4,POS Export,2026-04-03T19:09:52.054445+00:00
479,112-0001,Stillwater (OK),2024-04-23,4352.95,POS Export,2026-04-03T19:09:52.054445+00:00
480,112-0001,Stillwater (OK),2024-04-24,3844.88,POS Export,2026-04-03T19:09:52.054445+00:00
481,112-0001,Stillwater (OK),2024-04-25,4632.99,POS Export,2026-04-03T19:09:52.054445+00:00
482,112-0001,Stillwater (OK),2024-04-26,5699.64,POS Export,2026-04-03T19:09:52.054445+00:00
483,112-0001,Stillwater (OK),2024-04-27,5068.73,POS Export,2026-04-03T19:09:52.054445+00:00
484,112-0001,Stillwater (OK),2024-04-28,6152.06,POS Export,2026-04-03T19:09:52.054445+00:00
485,112-0001,Stillwater (OK),2024-04-29,3374.58,POS Export,2026-04-03T19:09:52.054445+00:00
486,112-0001,Stillwater (OK),2024-04-30,4173.01,POS Export,2026-04-03T19:09:52.054445+00:00
487,112-0001,Stillwater (OK),2024-05-01,3922.69,POS Export,2026-04-03T19:09:52.054445+00:00
488,112-0001,Stillwater (OK),2024-05-02,4750.4,POS Export,2026-04-03T19:09:52.054445+00:00
489,112-0001,Stillwater (OK),2024-05-03,5194.64,POS Export,2026-04-03T19:09:52.054445+00:00
490,112-0001,Stillwater (OK),2024-05-04,7221.67,POS Export,2026-04-03T19:09:52.054445+00:00
491,112-0001,Stillwater (OK),2024-05-05,5598.0,POS Export,2026-04-03T19:09:52.054445+00:00
492,112-0001,Stillwater (OK),2024-05-06,3134.26,POS Export,2026-04-03T19:09:52.054445+00:00
493,112-0001,Stillwater (OK),2024-05-07,4414.64,POS Export,2026-04-03T19:09:52.054445+00:00
494,112-0001,Stillwater (OK),2024-05-08,4469.75,POS Export,2026-04-03T19:09:52.054445+00:00
495,112-0001,Stillwater (OK),2024-05-09,4732.55,POS Export,2026-04-03T19:09:52.054445+00:00
496,112-0001,Stillwater (OK),2024-05-10,6518.39,POS Export,2026-04-03T19:09:52.054445+00:00
497,112-0001,Stillwater (OK),2024-05-11,6933.3,POS Export,2026-04-03T19:09:52.054445+00:00
498,112-0001,Stillwater (OK),2024-05-12,4192.39,POS Export,2026-04-03T19:09:52.054445+00:00
499,112-0001,Stillwater (OK),2024-05-13,3011.76,POS Export,2026-04-03T19:09:52.054445+00:00
500,112-0001,Stillwater (OK),2024-05-14,3472.26,POS Export,2026-04-03T19:09:52.054445+00:00
501,112-0001,Stillwater (OK),2024-05-15,5048.27,POS Export,2026-04-03T19:09:52.406438+00:00
502,112-0001,Stillwater (OK),2024-05-16,4478.41,POS Export,2026-04-03T19:09:52.406438+00:00
503,112-0001,Stillwater (OK),2024-05-17,5602.24,POS Export,2026-04-03T19:09:52.406438+00:00
504,112-0001,Stillwater (OK),2024-05-18,3869.92,POS Export,2026-04-03T19:09:52.406438+00:00
505,112-0001,Stillwater (OK),2024-05-19,4142.75,POS Export,2026-04-03T19:09:52.406438+00:00
506,112-0001,Stillwater (OK),2024-05-20,2771.98,POS Export,2026-04-03T19:09:52.406438+00:00
507,112-0001,Stillwater (OK),2024-05-21,3106.72,POS Export,2026-04-03T19:09:52.406438+00:00
508,112-0001,Stillwater (OK),2024-05-22,3290.3,POS Export,2026-04-03T19:09:52.406438+00:00
509,112-0001,Stillwater (OK),2024-05-23,3154.23,POS Export,2026-04-03T19:09:52.406438+00:00
510,112-0001,Stillwater (OK),2024-05-24,3603.1,POS Export,2026-04-03T19:09:52.406438+00:00
511,112-0001,Stillwater (OK),2024-05-25,2857.34,POS Export,2026-04-03T19:09:52.406438+00:00
512,112-0001,Stillwater (OK),2024-05-26,3019.99,POS Export,2026-04-03T19:09:52.406438+00:00
513,112-0001,Stillwater (OK),2024-05-27,2291.9,POS Export,2026-04-03T19:09:52.406438+00:00
514,112-0001,Stillwater (OK),2024-05-28,2628.29,POS Export,2026-04-03T19:09:52.406438+00:00
515,112-0001,Stillwater (OK),2024-05-29,2788.05,POS Export,2026-04-03T19:09:52.406438+00:00
516,112-0001,Stillwater (OK),2024-05-30,2939.9,POS Export,2026-04-03T19:09:52.406438+00:00
517,112-0001,Stillwater (OK),2024-05-31,5013.8,POS Export,2026-04-03T19:09:52.406438+00:00
518,112-0001,Stillwater (OK),2024-06-01,4736.39,POS Export,2026-04-03T19:09:52.406438+00:00
519,112-0001,Stillwater (OK),2024-06-02,4304.57,POS Export,2026-04-03T19:09:52.406438+00:00
520,112-0001,Stillwater (OK),2024-06-03,4218.5,POS Export,2026-04-03T19:09:52.406438+00:00
521,112-0001,Stillwater (OK),2024-06-04,2511.16,POS Export,2026-04-03T19:09:52.406438+00:00
522,112-0001,Stillwater (OK),2024-06-05,3330.96,POS Export,2026-04-03T19:09:52.406438+00:00
523,112-0001,Stillwater (OK),2024-06-06,3143.85,POS Export,2026-04-03T19:09:52.406438+00:00
524,112-0001,Stillwater (OK),2024-06-07,4621.02,POS Export,2026-04-03T19:09:52.406438+00:00
525,112-0001,Stillwater (OK),2024-06-08,3759.63,POS Export,2026-04-03T19:09:52.406438+00:00
526,112-0001,Stillwater (OK),2024-06-09,3058.01,POS Export,2026-04-03T19:09:52.406438+00:00
527,112-0001,Stillwater (OK),2024-06-10,3412.26,POS Export,2026-04-03T19:09:52.406438+00:00
528,112-0001,Stillwater (OK),2024-06-11,3296.33,POS Export,2026-04-03T19:09:52.406438+00:00
529,112-0001,Stillwater (OK),2024-06-12,3501.53,POS Export,2026-04-03T19:09:52.406438+00:00
530,112-0001,Stillwater (OK),2024-06-13,3113.3,POS Export,2026-04-03T19:09:52.406438+00:00
531,112-0001,Stillwater (OK),2024-06-14,3864.21,POS Export,2026-04-03T19:09:52.406438+00:00
532,112-0001,Stillwater (OK),2024-06-15,3446.77,POS Export,2026-04-03T19:09:52.406438+00:00
533,112-0001,Stillwater (OK),2024-06-16,3288.32,POS Export,2026-04-03T19:09:52.406438+00:00
534,112-0001,Stillwater (OK),2024-06-17,3096.96,POS Export,2026-04-03T19:09:52.406438+00:00
535,112-0001,Stillwater (OK),2024-06-18,3348.6,POS Export,2026-04-03T19:09:52.406438+00:00
536,112-0001,Stillwater (OK),2024-06-19,2851.77,POS Export,2026-04-03T19:09:52.406438+00:00
537,112-0001,Stillwater (OK),2024-06-20,2898.18,POS Export,2026-04-03T19:09:52.406438+00:00
538,112-0001,Stillwater (OK),2024-06-21,3951.59,POS Export,2026-04-03T19:09:52.406438+00:00
539,112-0001,Stillwater (OK),2024-06-22,3818.83,POS Export,2026-04-03T19:09:52.406438+00:00
540,112-0001,Stillwater (OK),2024-06-23,3341.97,POS Export,2026-04-03T19:09:52.406438+00:00
541,112-0001,Stillwater (OK),2024-06-24,2880.24,POS Export,2026-04-03T19:09:52.406438+00:00
542,112-0001,Stillwater (OK),2024-06-25,2933.65,POS Export,2026-04-03T19:09:52.406438+00:00
543,112-0001,Stillwater (OK),2024-06-26,3083.33,POS Export,2026-04-03T19:09:52.406438+00:00
544,112-0001,Stillwater (OK),2024-06-27,3459.71,POS Export,2026-04-03T19:09:52.406438+00:00
545,112-0001,Stillwater (OK),2024-06-28,3835.92,POS Export,2026-04-03T19:09:52.406438+00:00
546,112-0001,Stillwater (OK),2024-06-29,2962.16,POS Export,2026-04-03T19:09:52.406438+00:00
547,112-0001,Stillwater (OK),2024-06-30,3498.32,POS Export,2026-04-03T19:09:52.406438+00:00
548,112-0001,Stillwater (OK),2024-07-01,3155.13,POS Export,2026-04-03T19:09:52.406438+00:00
549,112-0001,Stillwater (OK),2024-07-02,3120.41,POS Export,2026-04-03T19:09:52.406438+00:00
550,112-0001,Stillwater (OK),2024-07-03,3257.34,POS Export,2026-04-03T19:09:52.406438+00:00
551,112-0001,Stillwater (OK),2024-07-04,2178.35,POS Export,2026-04-03T19:09:52.406438+00:00
552,112-0001,Stillwater (OK),2024-07-05,3196.7,POS Export,2026-04-03T19:09:52.406438+00:00
553,112-0001,Stillwater (OK),2024-07-06,2990.21,POS Export,2026-04-03T19:09:52.406438+00:00
554,112-0001,Stillwater (OK),2024-07-07,2582.73,POS Export,2026-04-03T19:09:52.406438+00:00
555,112-0001,Stillwater (OK),2024-07-08,2147.02,POS Export,2026-04-03T19:09:52.406438+00:00
556,112-0001,Stillwater (OK),2024-07-09,3048.57,POS Export,2026-04-03T19:09:52.406438+00:00
557,112-0001,Stillwater (OK),2024-07-10,2673.08,POS Export,2026-04-03T19:09:52.406438+00:00
558,112-0001,Stillwater (OK),2024-07-11,3196.92,POS Export,2026-04-03T19:09:52.406438+00:00
559,112-0001,Stillwater (OK),2024-07-12,3428.03,POS Export,2026-04-03T19:09:52.406438+00:00
560,112-0001,Stillwater (OK),2024-07-13,3329.22,POS Export,2026-04-03T19:09:52.406438+00:00
561,112-0001,Stillwater (OK),2024-07-14,3868.86,POS Export,2026-04-03T19:09:52.406438+00:00
562,112-0001,Stillwater (OK),2024-07-15,3309.8,POS Export,2026-04-03T19:09:52.406438+00:00
563,112-0001,Stillwater (OK),2024-07-16,3617.47,POS Export,2026-04-03T19:09:52.406438+00:00
564,112-0001,Stillwater (OK),2024-07-17,4467.3,POS Export,2026-04-03T19:09:52.406438+00:00
565,112-0001,Stillwater (OK),2024-07-18,4203.92,POS Export,2026-04-03T19:09:52.406438+00:00
566,112-0001,Stillwater (OK),2024-07-19,3795.47,POS Export,2026-04-03T19:09:52.406438+00:00
567,112-0001,Stillwater (OK),2024-07-20,3206.8,POS Export,2026-04-03T19:09:52.406438+00:00
568,112-0001,Stillwater (OK),2024-07-21,3299.62,POS Export,2026-04-03T19:09:52.406438+00:00
569,112-0001,Stillwater (OK),2024-07-22,3215.53,POS Export,2026-04-03T19:09:52.406438+00:00
570,112-0001,Stillwater (OK),2024-07-23,3170.09,POS Export,2026-04-03T19:09:52.406438+00:00
571,112-0001,Stillwater (OK),2024-07-24,2893.41,POS Export,2026-04-03T19:09:52.406438+00:00
572,112-0001,Stillwater (OK),2024-07-25,3662.56,POS Export,2026-04-03T19:09:52.406438+00:00
573,112-0001,Stillwater (OK),2024-07-26,4614.5,POS Export,2026-04-03T19:09:52.406438+00:00
574,112-0001,Stillwater (OK),2024-07-27,3313.13,POS Export,2026-04-03T19:09:52.406438+00:00
575,112-0001,Stillwater (OK),2024-07-28,3878.67,POS Export,2026-04-03T19:09:52.406438+00:00
576,112-0001,Stillwater (OK),2024-07-29,2774.7,POS Export,2026-04-03T19:09:52.406438+00:00
577,112-0001,Stillwater (OK),2024-07-30,2811.17,POS Export,2026-04-03T19:09:52.406438+00:00
578,112-0001,Stillwater (OK),2024-07-31,3498.7,POS Export,2026-04-03T19:09:52.406438+00:00
579,112-0001,Stillwater (OK),2024-08-01,3579.91,POS Export,2026-04-03T19:09:52.406438+00:00
580,112-0001,Stillwater (OK),2024-08-02,3876.89,POS Export,2026-04-03T19:09:52.406438+00:00
581,112-0001,Stillwater (OK),2024-08-03,2799.27,POS Export,2026-04-03T19:09:52.406438+00:00
582,112-0001,Stillwater (OK),2024-08-04,3462.09,POS Export,2026-04-03T19:09:52.406438+00:00
583,112-0001,Stillwater (OK),2024-08-05,3332.0,POS Export,2026-04-03T19:09:52.406438+00:00
584,112-0001,Stillwater (OK),2024-08-06,3927.0,POS Export,2026-04-03T19:09:52.406438+00:00
585,112-0001,Stillwater (OK),2024-08-07,3711.88,POS Export,2026-04-03T19:09:52.406438+00:00
586,112-0001,Stillwater (OK),2024-08-08,4230.09,POS Export,2026-04-03T19:09:52.406438+00:00
587,112-0001,Stillwater (OK),2024-08-09,4179.8,POS Export,2026-04-03T19:09:52.406438+00:00
588,112-0001,Stillwater (OK),2024-08-10,4031.7,POS Export,2026-04-03T19:09:52.406438+00:00
589,112-0001,Stillwater (OK),2024-08-11,4015.72,POS Export,2026-04-03T19:09:52.406438+00:00
590,112-0001,Stillwater (OK),2024-08-12,3815.9,POS Export,2026-04-03T19:09:52.406438+00:00
591,112-0001,Stillwater (OK),2024-08-13,4462.02,POS Export,2026-04-03T19:09:52.406438+00:00
592,112-0001,Stillwater (OK),2024-08-14,5005.85,POS Export,2026-04-03T19:09:52.406438+00:00
593,112-0001,Stillwater (OK),2024-08-15,4277.77,POS Export,2026-04-03T19:09:52.406438+00:00
594,112-0001,Stillwater (OK),2024-08-16,5828.05,POS Export,2026-04-03T19:09:52.406438+00:00
595,112-0001,Stillwater (OK),2024-08-17,5496.28,POS Export,2026-04-03T19:09:52.406438+00:00
596,112-0001,Stillwater (OK),2024-08-18,5810.09,POS Export,2026-04-03T19:09:52.406438+00:00
597,112-0001,Stillwater (OK),2024-08-19,3581.89,POS Export,2026-04-03T19:09:52.406438+00:00
598,112-0001,Stillwater (OK),2024-08-20,3513.27,POS Export,2026-04-03T19:09:52.406438+00:00
599,112-0001,Stillwater (OK),2024-08-21,4417.67,POS Export,2026-04-03T19:09:52.406438+00:00
600,112-0001,Stillwater (OK),2024-08-22,4167.05,POS Export,2026-04-03T19:09:52.406438+00:00
601,112-0001,Stillwater (OK),2024-08-23,4842.3,POS Export,2026-04-03T19:09:52.406438+00:00
602,112-0001,Stillwater (OK),2024-08-24,4986.24,POS Export,2026-04-03T19:09:52.406438+00:00
603,112-0001,Stillwater (OK),2024-08-25,5216.39,POS Export,2026-04-03T19:09:52.406438+00:00
604,112-0001,Stillwater (OK),2024-08-26,3382.81,POS Export,2026-04-03T19:09:52.406438+00:00
605,112-0001,Stillwater (OK),2024-08-27,4091.94,POS Export,2026-04-03T19:09:52.406438+00:00
606,112-0001,Stillwater (OK),2024-08-28,4087.38,POS Export,2026-04-03T19:09:52.406438+00:00
607,112-0001,Stillwater (OK),2024-08-29,4807.46,POS Export,2026-04-03T19:09:52.406438+00:00
608,112-0001,Stillwater (OK),2024-08-30,5751.93,POS Export,2026-04-03T19:09:52.406438+00:00
609,112-0001,Stillwater (OK),2024-08-31,7353.3,POS Export,2026-04-03T19:09:52.406438+00:00
610,112-0001,Stillwater (OK),2024-09-01,5982.24,POS Export,2026-04-03T19:09:52.406438+00:00
611,112-0001,Stillwater (OK),2024-09-02,5236.29,POS Export,2026-04-03T19:09:52.406438+00:00
612,112-0001,Stillwater (OK),2024-09-03,3489.77,POS Export,2026-04-03T19:09:52.406438+00:00
613,112-0001,Stillwater (OK),2024-09-04,3951.99,POS Export,2026-04-03T19:09:52.406438+00:00
614,112-0001,Stillwater (OK),2024-09-05,3758.99,POS Export,2026-04-03T19:09:52.406438+00:00
615,112-0001,Stillwater (OK),2024-09-06,7556.96,POS Export,2026-04-03T19:09:52.406438+00:00
616,112-0001,Stillwater (OK),2024-09-07,6918.34,POS Export,2026-04-03T19:09:52.406438+00:00
617,112-0001,Stillwater (OK),2024-09-08,6621.47,POS Export,2026-04-03T19:09:52.406438+00:00
618,112-0001,Stillwater (OK),2024-09-09,3396.86,POS Export,2026-04-03T19:09:52.406438+00:00
619,112-0001,Stillwater (OK),2024-09-10,3741.47,POS Export,2026-04-03T19:09:52.406438+00:00
620,112-0001,Stillwater (OK),2024-09-11,3868.34,POS Export,2026-04-03T19:09:52.406438+00:00
621,112-0001,Stillwater (OK),2024-09-12,4511.94,POS Export,2026-04-03T19:09:52.406438+00:00
622,112-0001,Stillwater (OK),2024-09-13,4780.09,POS Export,2026-04-03T19:09:52.406438+00:00
623,112-0001,Stillwater (OK),2024-09-14,3912.78,POS Export,2026-04-03T19:09:52.406438+00:00
624,112-0001,Stillwater (OK),2024-09-15,5424.03,POS Export,2026-04-03T19:09:52.406438+00:00
625,112-0001,Stillwater (OK),2024-09-16,3733.25,POS Export,2026-04-03T19:09:52.406438+00:00
626,112-0001,Stillwater (OK),2024-09-17,4552.53,POS Export,2026-04-03T19:09:52.406438+00:00
627,112-0001,Stillwater (OK),2024-09-18,4256.22,POS Export,2026-04-03T19:09:52.406438+00:00
628,112-0001,Stillwater (OK),2024-09-19,4769.5,POS Export,2026-04-03T19:09:52.406438+00:00
629,112-0001,Stillwater (OK),2024-09-20,6240.27,POS Export,2026-04-03T19:09:52.406438+00:00
630,112-0001,Stillwater (OK),2024-09-21,7650.63,POS Export,2026-04-03T19:09:52.406438+00:00
631,112-0001,Stillwater (OK),2024-09-22,5875.73,POS Export,2026-04-03T19:09:52.406438+00:00
632,112-0001,Stillwater (OK),2024-09-23,3172.27,POS Export,2026-04-03T19:09:52.406438+00:00
633,112-0001,Stillwater (OK),2024-09-24,4256.57,POS Export,2026-04-03T19:09:52.406438+00:00
634,112-0001,Stillwater (OK),2024-09-25,3152.77,POS Export,2026-04-03T19:09:52.406438+00:00
635,112-0001,Stillwater (OK),2024-09-26,4133.3,POS Export,2026-04-03T19:09:52.406438+00:00
636,112-0001,Stillwater (OK),2024-09-27,5655.68,POS Export,2026-04-03T19:09:52.406438+00:00
637,112-0001,Stillwater (OK),2024-09-28,4552.89,POS Export,2026-04-03T19:09:52.406438+00:00
638,112-0001,Stillwater (OK),2024-09-29,4930.89,POS Export,2026-04-03T19:09:52.406438+00:00
639,112-0001,Stillwater (OK),2024-09-30,3462.08,POS Export,2026-04-03T19:09:52.406438+00:00
640,112-0001,Stillwater (OK),2024-10-01,4068.43,POS Export,2026-04-03T19:09:52.406438+00:00
641,112-0001,Stillwater (OK),2024-10-02,4054.24,POS Export,2026-04-03T19:09:52.406438+00:00
642,112-0001,Stillwater (OK),2024-10-03,4653.52,POS Export,2026-04-03T19:09:52.406438+00:00
643,112-0001,Stillwater (OK),2024-10-04,5676.77,POS Export,2026-04-03T19:09:52.406438+00:00
644,112-0001,Stillwater (OK),2024-10-05,7108.13,POS Export,2026-04-03T19:09:52.406438+00:00
645,112-0001,Stillwater (OK),2024-10-06,5791.08,POS Export,2026-04-03T19:09:52.406438+00:00
646,112-0001,Stillwater (OK),2024-10-07,3544.62,POS Export,2026-04-03T19:09:52.406438+00:00
647,112-0001,Stillwater (OK),2024-10-08,4130.81,POS Export,2026-04-03T19:09:52.406438+00:00
648,112-0001,Stillwater (OK),2024-10-09,3558.79,POS Export,2026-04-03T19:09:52.406438+00:00
649,112-0001,Stillwater (OK),2024-10-10,5113.78,POS Export,2026-04-03T19:09:52.406438+00:00
650,112-0001,Stillwater (OK),2024-10-11,5675.69,POS Export,2026-04-03T19:09:52.406438+00:00
651,112-0001,Stillwater (OK),2024-10-12,3859.84,POS Export,2026-04-03T19:09:52.406438+00:00
652,112-0001,Stillwater (OK),2024-10-13,4827.67,POS Export,2026-04-03T19:09:52.406438+00:00
653,112-0001,Stillwater (OK),2024-10-14,3916.67,POS Export,2026-04-03T19:09:52.406438+00:00
654,112-0001,Stillwater (OK),2024-10-15,3982.6,POS Export,2026-04-03T19:09:52.406438+00:00
655,112-0001,Stillwater (OK),2024-10-16,4080.36,POS Export,2026-04-03T19:09:52.406438+00:00
656,112-0001,Stillwater (OK),2024-10-17,3526.73,POS Export,2026-04-03T19:09:52.406438+00:00
657,112-0001,Stillwater (OK),2024-10-18,5016.31,POS Export,2026-04-03T19:09:52.406438+00:00
658,112-0001,Stillwater (OK),2024-10-19,3439.1,POS Export,2026-04-03T19:09:52.406438+00:00
659,112-0001,Stillwater (OK),2024-10-20,5284.95,POS Export,2026-04-03T19:09:52.406438+00:00
660,112-0001,Stillwater (OK),2024-10-21,3414.55,POS Export,2026-04-03T19:09:52.406438+00:00
661,112-0001,Stillwater (OK),2024-10-22,3939.11,POS Export,2026-04-03T19:09:52.406438+00:00
662,112-0001,Stillwater (OK),2024-10-23,3863.17,POS Export,2026-04-03T19:09:52.406438+00:00
663,112-0001,Stillwater (OK),2024-10-24,4953.74,POS Export,2026-04-03T19:09:52.406438+00:00
664,112-0001,Stillwater (OK),2024-10-25,5062.62,POS Export,2026-04-03T19:09:52.406438+00:00
665,112-0001,Stillwater (OK),2024-10-26,4279.08,POS Export,2026-04-03T19:09:52.406438+00:00
666,112-0001,Stillwater (OK),2024-10-27,5472.24,POS Export,2026-04-03T19:09:52.406438+00:00
667,112-0001,Stillwater (OK),2024-10-28,3752.67,POS Export,2026-04-03T19:09:52.406438+00:00
668,112-0001,Stillwater (OK),2024-10-29,3748.33,POS Export,2026-04-03T19:09:52.406438+00:00
669,112-0001,Stillwater (OK),2024-10-30,4547.06,POS Export,2026-04-03T19:09:52.406438+00:00
670,112-0001,Stillwater (OK),2024-10-31,4735.39,POS Export,2026-04-03T19:09:52.406438+00:00
671,112-0001,Stillwater (OK),2024-11-01,7841.18,POS Export,2026-04-03T19:09:52.406438+00:00
672,112-0001,Stillwater (OK),2024-11-02,7259.19,POS Export,2026-04-03T19:09:52.406438+00:00
673,112-0001,Stillwater (OK),2024-11-03,5936.5,POS Export,2026-04-03T19:09:52.406438+00:00
674,112-0001,Stillwater (OK),2024-11-04,3169.41,POS Export,2026-04-03T19:09:52.406438+00:00
675,112-0001,Stillwater (OK),2024-11-05,3634.74,POS Export,2026-04-03T19:09:52.406438+00:00
676,112-0001,Stillwater (OK),2024-11-06,3280.14,POS Export,2026-04-03T19:09:52.406438+00:00
677,112-0001,Stillwater (OK),2024-11-07,4579.95,POS Export,2026-04-03T19:09:52.406438+00:00
678,112-0001,Stillwater (OK),2024-11-08,3995.88,POS Export,2026-04-03T19:09:52.406438+00:00
679,112-0001,Stillwater (OK),2024-11-09,4604.78,POS Export,2026-04-03T19:09:52.406438+00:00
680,112-0001,Stillwater (OK),2024-11-10,4812.47,POS Export,2026-04-03T19:09:52.406438+00:00
681,112-0001,Stillwater (OK),2024-11-11,3882.33,POS Export,2026-04-03T19:09:52.406438+00:00
682,112-0001,Stillwater (OK),2024-11-12,3548.23,POS Export,2026-04-03T19:09:52.406438+00:00
683,112-0001,Stillwater (OK),2024-11-13,4000.37,POS Export,2026-04-03T19:09:52.406438+00:00
684,112-0001,Stillwater (OK),2024-11-14,3777.24,POS Export,2026-04-03T19:09:52.406438+00:00
685,112-0001,Stillwater (OK),2024-11-15,5703.23,POS Export,2026-04-03T19:09:52.406438+00:00
686,112-0001,Stillwater (OK),2024-11-16,4738.3,POS Export,2026-04-03T19:09:52.406438+00:00
687,112-0001,Stillwater (OK),2024-11-17,5337.26,POS Export,2026-04-03T19:09:52.406438+00:00
688,112-0001,Stillwater (OK),2024-11-18,3356.07,POS Export,2026-04-03T19:09:52.406438+00:00
689,112-0001,Stillwater (OK),2024-11-19,3828.31,POS Export,2026-04-03T19:09:52.406438+00:00
690,112-0001,Stillwater (OK),2024-11-20,3688.73,POS Export,2026-04-03T19:09:52.406438+00:00
691,112-0001,Stillwater (OK),2024-11-21,4016.3,POS Export,2026-04-03T19:09:52.406438+00:00
692,112-0001,Stillwater (OK),2024-11-22,6276.8,POS Export,2026-04-03T19:09:52.406438+00:00
693,112-0001,Stillwater (OK),2024-11-23,5360.71,POS Export,2026-04-03T19:09:52.406438+00:00
694,112-0001,Stillwater (OK),2024-11-24,3861.61,POS Export,2026-04-03T19:09:52.406438+00:00
695,112-0001,Stillwater (OK),2024-11-25,2716.38,POS Export,2026-04-03T19:09:52.406438+00:00
696,112-0001,Stillwater (OK),2024-11-26,2636.83,POS Export,2026-04-03T19:09:52.406438+00:00
697,112-0001,Stillwater (OK),2024-11-27,2310.23,POS Export,2026-04-03T19:09:52.406438+00:00
698,112-0001,Stillwater (OK),2024-11-28,0.0,POS Export,2026-04-03T19:09:52.406438+00:00
699,112-0001,Stillwater (OK),2024-11-29,2547.47,POS Export,2026-04-03T19:09:52.406438+00:00
700,112-0001,Stillwater (OK),2024-11-30,3125.66,POS Export,2026-04-03T19:09:52.406438+00:00
701,112-0001,Stillwater (OK),2024-12-01,3851.49,POS Export,2026-04-03T19:09:52.406438+00:00
702,112-0001,Stillwater (OK),2024-12-02,4190.8,POS Export,2026-04-03T19:09:52.406438+00:00
703,112-0001,Stillwater (OK),2024-12-03,3918.73,POS Export,2026-04-03T19:09:52.406438+00:00
704,112-0001,Stillwater (OK),2024-12-04,3576.32,POS Export,2026-04-03T19:09:52.406438+00:00
705,112-0001,Stillwater (OK),2024-12-05,5069.83,POS Export,2026-04-03T19:09:52.406438+00:00
706,112-0001,Stillwater (OK),2024-12-06,5095.28,POS Export,2026-04-03T19:09:52.406438+00:00
707,112-0001,Stillwater (OK),2024-12-07,4866.28,POS Export,2026-04-03T19:09:52.406438+00:00
708,112-0001,Stillwater (OK),2024-12-08,5287.99,POS Export,2026-04-03T19:09:52.406438+00:00
709,112-0001,Stillwater (OK),2024-12-09,3937.78,POS Export,2026-04-03T19:09:52.406438+00:00
710,112-0001,Stillwater (OK),2024-12-10,4489.64,POS Export,2026-04-03T19:09:52.406438+00:00
711,112-0001,Stillwater (OK),2024-12-11,3767.64,POS Export,2026-04-03T19:09:52.406438+00:00
712,112-0001,Stillwater (OK),2024-12-12,4549.09,POS Export,2026-04-03T19:09:52.406438+00:00
713,112-0001,Stillwater (OK),2024-12-13,4217.27,POS Export,2026-04-03T19:09:52.406438+00:00
714,112-0001,Stillwater (OK),2024-12-14,4102.12,POS Export,2026-04-03T19:09:52.406438+00:00
715,112-0001,Stillwater (OK),2024-12-15,3301.09,POS Export,2026-04-03T19:09:52.406438+00:00
716,112-0001,Stillwater (OK),2024-12-16,3509.06,POS Export,2026-04-03T19:09:52.406438+00:00
717,112-0001,Stillwater (OK),2024-12-17,3054.73,POS Export,2026-04-03T19:09:52.406438+00:00
718,112-0001,Stillwater (OK),2024-12-18,2791.13,POS Export,2026-04-03T19:09:52.406438+00:00
719,112-0001,Stillwater (OK),2024-12-19,3660.3,POS Export,2026-04-03T19:09:52.406438+00:00
720,112-0001,Stillwater (OK),2024-12-20,3419.11,POS Export,2026-04-03T19:09:52.406438+00:00
721,112-0001,Stillwater (OK),2024-12-21,3571.46,POS Export,2026-04-03T19:09:52.406438+00:00
722,112-0001,Stillwater (OK),2024-12-22,2902.63,POS Export,2026-04-03T19:09:52.406438+00:00
723,112-0001,Stillwater (OK),2024-12-23,2554.52,POS Export,2026-04-03T19:09:52.406438+00:00
724,112-0001,Stillwater (OK),2024-12-24,1210.39,POS Export,2026-04-03T19:09:52.406438+00:00
725,112-0001,Stillwater (OK),2024-12-25,0.0,POS Export,2026-04-03T19:09:52.406438+00:00
726,112-0001,Stillwater (OK),2024-12-26,2439.63,POS Export,2026-04-03T19:09:52.406438+00:00
727,112-0001,Stillwater (OK),2024-12-27,2692.55,POS Export,2026-04-03T19:09:52.406438+00:00
728,112-0001,Stillwater (OK),2024-12-28,2441.86,POS Export,2026-04-03T19:09:52.406438+00:00
729,112-0001,Stillwater (OK),2024-12-29,3086.53,POS Export,2026-04-03T19:09:52.406438+00:00
730,112-0001,Stillwater (OK),2024-12-30,2781.78,POS Export,2026-04-03T19:09:52.406438+00:00
731,112-0001,Stillwater (OK),2024-12-31,2517.67,POS Export,2026-04-03T19:09:52.406438+00:00
732,112-0001,Stillwater (OK),2025-01-01,2787.38,POS Export,2026-04-03T19:09:52.406438+00:00
733,112-0001,Stillwater (OK),2025-01-02,2471.06,POS Export,2026-04-03T19:09:52.406438+00:00
734,112-0001,Stillwater (OK),2025-01-03,4192.44,POS Export,2026-04-03T19:09:52.406438+00:00
735,112-0001,Stillwater (OK),2025-01-04,2471.29,POS Export,2026-04-03T19:09:52.406438+00:00
736,112-0001,Stillwater (OK),2025-01-05,2020.81,POS Export,2026-04-03T19:09:52.406438+00:00
737,112-0001,Stillwater (OK),2025-01-06,2194.48,POS Export,2026-04-03T19:09:52.406438+00:00
738,112-0001,Stillwater (OK),2025-01-07,2249.82,POS Export,2026-04-03T19:09:52.406438+00:00
739,112-0001,Stillwater (OK),2025-01-08,2635.23,POS Export,2026-04-03T19:09:52.406438+00:00
740,112-0001,Stillwater (OK),2025-01-09,1820.02,POS Export,2026-04-03T19:09:52.406438+00:00
741,112-0001,Stillwater (OK),2025-01-10,3196.33,POS Export,2026-04-03T19:09:52.406438+00:00
742,112-0001,Stillwater (OK),2025-01-11,4570.53,POS Export,2026-04-03T19:09:52.406438+00:00
743,112-0001,Stillwater (OK),2025-01-12,5555.7,POS Export,2026-04-03T19:09:52.406438+00:00
744,112-0001,Stillwater (OK),2025-01-13,3537.19,POS Export,2026-04-03T19:09:52.406438+00:00
745,112-0001,Stillwater (OK),2025-01-14,3754.44,POS Export,2026-04-03T19:09:52.406438+00:00
746,112-0001,Stillwater (OK),2025-01-15,3504.61,POS Export,2026-04-03T19:09:52.406438+00:00
747,112-0001,Stillwater (OK),2025-01-16,3824.75,POS Export,2026-04-03T19:09:52.406438+00:00
748,112-0001,Stillwater (OK),2025-01-17,4153.68,POS Export,2026-04-03T19:09:52.406438+00:00
749,112-0001,Stillwater (OK),2025-01-18,3803.51,POS Export,2026-04-03T19:09:52.406438+00:00
750,112-0001,Stillwater (OK),2025-01-19,5332.8,POS Export,2026-04-03T19:09:52.406438+00:00
751,112-0001,Stillwater (OK),2025-01-20,3817.39,POS Export,2026-04-03T19:09:52.406438+00:00
752,112-0001,Stillwater (OK),2025-01-21,3383.17,POS Export,2026-04-03T19:09:52.406438+00:00
753,112-0001,Stillwater (OK),2025-01-22,3311.98,POS Export,2026-04-03T19:09:52.406438+00:00
754,112-0001,Stillwater (OK),2025-01-23,3472.26,POS Export,2026-04-03T19:09:52.406438+00:00
755,112-0001,Stillwater (OK),2025-01-24,4877.52,POS Export,2026-04-03T19:09:52.406438+00:00
756,112-0001,Stillwater (OK),2025-01-25,4787.52,POS Export,2026-04-03T19:09:52.406438+00:00
757,112-0001,Stillwater (OK),2025-01-26,4081.79,POS Export,2026-04-03T19:09:52.406438+00:00
758,112-0001,Stillwater (OK),2025-01-27,3250.51,POS Export,2026-04-03T19:09:52.406438+00:00
759,112-0001,Stillwater (OK),2025-01-28,3315.89,POS Export,2026-04-03T19:09:52.406438+00:00
760,112-0001,Stillwater (OK),2025-01-29,3285.12,POS Export,2026-04-03T19:09:52.406438+00:00
761,112-0001,Stillwater (OK),2025-01-30,4050.87,POS Export,2026-04-03T19:09:52.406438+00:00
762,112-0001,Stillwater (OK),2025-01-31,5260.79,POS Export,2026-04-03T19:09:52.406438+00:00
763,112-0001,Stillwater (OK),2025-02-01,4311.71,POS Export,2026-04-03T19:09:52.406438+00:00
764,112-0001,Stillwater (OK),2025-02-02,6382.49,POS Export,2026-04-03T19:09:52.406438+00:00
765,112-0001,Stillwater (OK),2025-02-03,3811.64,POS Export,2026-04-03T19:09:52.406438+00:00
766,112-0001,Stillwater (OK),2025-02-04,3316.77,POS Export,2026-04-03T19:09:52.406438+00:00
767,112-0001,Stillwater (OK),2025-02-05,3295.97,POS Export,2026-04-03T19:09:52.406438+00:00
768,112-0001,Stillwater (OK),2025-02-06,4587.24,POS Export,2026-04-03T19:09:52.406438+00:00
769,112-0001,Stillwater (OK),2025-02-07,4659.4,POS Export,2026-04-03T19:09:52.406438+00:00
770,112-0001,Stillwater (OK),2025-02-08,4643.98,POS Export,2026-04-03T19:09:52.406438+00:00
771,112-0001,Stillwater (OK),2025-02-09,3795.46,POS Export,2026-04-03T19:09:52.406438+00:00
772,112-0001,Stillwater (OK),2025-02-10,2917.36,POS Export,2026-04-03T19:09:52.406438+00:00
773,112-0001,Stillwater (OK),2025-02-11,3818.62,POS Export,2026-04-03T19:09:52.406438+00:00
774,112-0001,Stillwater (OK),2025-02-12,2783.83,POS Export,2026-04-03T19:09:52.406438+00:00
775,112-0001,Stillwater (OK),2025-02-13,2851.11,POS Export,2026-04-03T19:09:52.406438+00:00
776,112-0001,Stillwater (OK),2025-02-14,4853.89,POS Export,2026-04-03T19:09:52.406438+00:00
777,112-0001,Stillwater (OK),2025-02-15,4352.72,POS Export,2026-04-03T19:09:52.406438+00:00
778,112-0001,Stillwater (OK),2025-02-16,4687.07,POS Export,2026-04-03T19:09:52.406438+00:00
779,112-0001,Stillwater (OK),2025-02-17,3411.27,POS Export,2026-04-03T19:09:52.406438+00:00
780,112-0001,Stillwater (OK),2025-02-18,1176.55,POS Export,2026-04-03T19:09:52.406438+00:00
781,112-0001,Stillwater (OK),2025-02-19,3111.07,POS Export,2026-04-03T19:09:52.406438+00:00
782,112-0001,Stillwater (OK),2025-02-20,3280.53,POS Export,2026-04-03T19:09:52.406438+00:00
783,112-0001,Stillwater (OK),2025-02-21,4722.21,POS Export,2026-04-03T19:09:52.406438+00:00
784,112-0001,Stillwater (OK),2025-02-22,4939.24,POS Export,2026-04-03T19:09:52.406438+00:00
785,112-0001,Stillwater (OK),2025-02-23,5229.5,POS Export,2026-04-03T19:09:52.406438+00:00
786,112-0001,Stillwater (OK),2025-02-24,4627.18,POS Export,2026-04-03T19:09:52.406438+00:00
787,112-0001,Stillwater (OK),2025-02-25,4359.81,POS Export,2026-04-03T19:09:52.406438+00:00
788,112-0001,Stillwater (OK),2025-02-26,4632.14,POS Export,2026-04-03T19:09:52.406438+00:00
789,112-0001,Stillwater (OK),2025-02-27,4240.11,POS Export,2026-04-03T19:09:52.406438+00:00
790,112-0001,Stillwater (OK),2025-02-28,4960.63,POS Export,2026-04-03T19:09:52.406438+00:00
791,112-0001,Stillwater (OK),2025-03-01,4682.31,POS Export,2026-04-03T19:09:52.406438+00:00
792,112-0001,Stillwater (OK),2025-03-02,5397.38,POS Export,2026-04-03T19:09:52.406438+00:00
793,112-0001,Stillwater (OK),2025-03-03,4006.31,POS Export,2026-04-03T19:09:52.406438+00:00
794,112-0001,Stillwater (OK),2025-03-04,4198.46,POS Export,2026-04-03T19:09:52.406438+00:00
795,112-0001,Stillwater (OK),2025-03-05,3552.99,POS Export,2026-04-03T19:09:52.406438+00:00
796,112-0001,Stillwater (OK),2025-03-06,4341.05,POS Export,2026-04-03T19:09:52.406438+00:00
797,112-0001,Stillwater (OK),2025-03-07,5528.48,POS Export,2026-04-03T19:09:52.406438+00:00
798,112-0001,Stillwater (OK),2025-03-08,5396.7,POS Export,2026-04-03T19:09:52.406438+00:00
799,112-0001,Stillwater (OK),2025-03-09,5989.64,POS Export,2026-04-03T19:09:52.406438+00:00
800,112-0001,Stillwater (OK),2025-03-10,3277.68,POS Export,2026-04-03T19:09:52.406438+00:00
801,112-0001,Stillwater (OK),2025-03-11,4046.25,POS Export,2026-04-03T19:09:52.406438+00:00
802,112-0001,Stillwater (OK),2025-03-12,3976.97,POS Export,2026-04-03T19:09:52.406438+00:00
803,112-0001,Stillwater (OK),2025-03-13,4079.71,POS Export,2026-04-03T19:09:52.406438+00:00
804,112-0001,Stillwater (OK),2025-03-14,4759.99,POS Export,2026-04-03T19:09:52.406438+00:00
805,112-0001,Stillwater (OK),2025-03-15,3929.84,POS Export,2026-04-03T19:09:52.406438+00:00
806,112-0001,Stillwater (OK),2025-03-16,4088.42,POS Export,2026-04-03T19:09:52.406438+00:00
807,112-0001,Stillwater (OK),2025-03-17,3006.03,POS Export,2026-04-03T19:09:52.406438+00:00
808,112-0001,Stillwater (OK),2025-03-18,2829.94,POS Export,2026-04-03T19:09:52.406438+00:00
809,112-0001,Stillwater (OK),2025-03-19,3143.12,POS Export,2026-04-03T19:09:52.406438+00:00
810,112-0001,Stillwater (OK),2025-03-20,3502.23,POS Export,2026-04-03T19:09:52.406438+00:00
811,112-0001,Stillwater (OK),2025-03-21,3818.21,POS Export,2026-04-03T19:09:52.406438+00:00
812,112-0001,Stillwater (OK),2025-03-22,3759.86,POS Export,2026-04-03T19:09:52.406438+00:00
813,112-0001,Stillwater (OK),2025-03-23,5418.95,POS Export,2026-04-03T19:09:52.406438+00:00
814,112-0001,Stillwater (OK),2025-03-24,3574.51,POS Export,2026-04-03T19:09:52.406438+00:00
815,112-0001,Stillwater (OK),2025-03-25,3207.78,POS Export,2026-04-03T19:09:52.406438+00:00
816,112-0001,Stillwater (OK),2025-03-26,3884.65,POS Export,2026-04-03T19:09:52.406438+00:00
817,112-0001,Stillwater (OK),2025-03-27,3861.68,POS Export,2026-04-03T19:09:52.406438+00:00
818,112-0001,Stillwater (OK),2025-03-28,4749.39,POS Export,2026-04-03T19:09:52.406438+00:00
819,112-0001,Stillwater (OK),2025-03-29,5201.07,POS Export,2026-04-03T19:09:52.406438+00:00
820,112-0001,Stillwater (OK),2025-03-30,5737.19,POS Export,2026-04-03T19:09:52.406438+00:00
821,112-0001,Stillwater (OK),2025-03-31,4175.82,POS Export,2026-04-03T19:09:52.406438+00:00
822,112-0001,Stillwater (OK),2025-04-01,3977.69,POS Export,2026-04-03T19:09:52.406438+00:00
823,112-0001,Stillwater (OK),2025-04-02,4339.25,POS Export,2026-04-03T19:09:52.406438+00:00
824,112-0001,Stillwater (OK),2025-04-03,4048.11,POS Export,2026-04-03T19:09:52.406438+00:00
825,112-0001,Stillwater (OK),2025-04-04,5702.74,POS Export,2026-04-03T19:09:52.406438+00:00
826,112-0001,Stillwater (OK),2025-04-05,4546.71,POS Export,2026-04-03T19:09:52.406438+00:00
827,112-0001,Stillwater (OK),2025-04-06,4691.21,POS Export,2026-04-03T19:09:52.406438+00:00
828,112-0001,Stillwater (OK),2025-04-07,3129.9,POS Export,2026-04-03T19:09:52.406438+00:00
829,112-0001,Stillwater (OK),2025-04-08,3950.91,POS Export,2026-04-03T19:09:52.406438+00:00
830,112-0001,Stillwater (OK),2025-04-09,3557.67,POS Export,2026-04-03T19:09:52.406438+00:00
831,112-0001,Stillwater (OK),2025-04-10,4872.37,POS Export,2026-04-03T19:09:52.406438+00:00
832,112-0001,Stillwater (OK),2025-04-11,5894.21,POS Export,2026-04-03T19:09:52.406438+00:00
833,112-0001,Stillwater (OK),2025-04-12,5575.45,POS Export,2026-04-03T19:09:52.406438+00:00
834,112-0001,Stillwater (OK),2025-04-13,6895.7,POS Export,2026-04-03T19:09:52.406438+00:00
835,112-0001,Stillwater (OK),2025-04-14,3835.43,POS Export,2026-04-03T19:09:52.406438+00:00
836,112-0001,Stillwater (OK),2025-04-15,4441.79,POS Export,2026-04-03T19:09:52.406438+00:00
837,112-0001,Stillwater (OK),2025-04-16,3809.91,POS Export,2026-04-03T19:09:52.406438+00:00
838,112-0001,Stillwater (OK),2025-04-17,3714.37,POS Export,2026-04-03T19:09:52.406438+00:00
839,112-0001,Stillwater (OK),2025-04-18,4378.12,POS Export,2026-04-03T19:09:52.406438+00:00
840,112-0001,Stillwater (OK),2025-04-19,3685.66,POS Export,2026-04-03T19:09:52.406438+00:00
841,112-0001,Stillwater (OK),2025-04-20,4366.47,POS Export,2026-04-03T19:09:52.406438+00:00
842,112-0001,Stillwater (OK),2025-04-21,2716.57,POS Export,2026-04-03T19:09:52.406438+00:00
843,112-0001,Stillwater (OK),2025-04-22,3639.38,POS Export,2026-04-03T19:09:52.406438+00:00
844,112-0001,Stillwater (OK),2025-04-23,4131.45,POS Export,2026-04-03T19:09:52.406438+00:00
845,112-0001,Stillwater (OK),2025-04-24,4839.41,POS Export,2026-04-03T19:09:52.406438+00:00
846,112-0001,Stillwater (OK),2025-04-25,6394.03,POS Export,2026-04-03T19:09:52.406438+00:00
847,112-0001,Stillwater (OK),2025-04-26,6467.19,POS Export,2026-04-03T19:09:52.406438+00:00
848,112-0001,Stillwater (OK),2025-04-27,6363.77,POS Export,2026-04-03T19:09:52.406438+00:00
849,112-0001,Stillwater (OK),2025-04-28,3844.5,POS Export,2026-04-03T19:09:52.406438+00:00
850,112-0001,Stillwater (OK),2025-04-29,3795.41,POS Export,2026-04-03T19:09:52.406438+00:00
851,112-0001,Stillwater (OK),2025-04-30,4365.36,POS Export,2026-04-03T19:09:52.406438+00:00
852,112-0001,Stillwater (OK),2025-05-01,5013.89,POS Export,2026-04-03T19:09:52.406438+00:00
853,112-0001,Stillwater (OK),2025-05-02,6313.63,POS Export,2026-04-03T19:09:52.406438+00:00
854,112-0001,Stillwater (OK),2025-05-03,5912.74,POS Export,2026-04-03T19:09:52.406438+00:00
855,112-0001,Stillwater (OK),2025-05-04,6289.8,POS Export,2026-04-03T19:09:52.406438+00:00
856,112-0001,Stillwater (OK),2025-05-05,4601.42,POS Export,2026-04-03T19:09:52.406438+00:00
857,112-0001,Stillwater (OK),2025-05-06,4675.87,POS Export,2026-04-03T19:09:52.406438+00:00
858,112-0001,Stillwater (OK),2025-05-07,4045.94,POS Export,2026-04-03T19:09:52.406438+00:00
859,112-0001,Stillwater (OK),2025-05-08,4760.03,POS Export,2026-04-03T19:09:52.406438+00:00
860,112-0001,Stillwater (OK),2025-05-09,5329.85,POS Export,2026-04-03T19:09:52.406438+00:00
861,112-0001,Stillwater (OK),2025-05-10,5811.11,POS Export,2026-04-03T19:09:52.406438+00:00
862,112-0001,Stillwater (OK),2025-05-11,3890.28,POS Export,2026-04-03T19:09:52.406438+00:00
863,112-0001,Stillwater (OK),2025-05-12,3705.98,POS Export,2026-04-03T19:09:52.406438+00:00
864,112-0001,Stillwater (OK),2025-05-13,2993.36,POS Export,2026-04-03T19:09:52.406438+00:00
865,112-0001,Stillwater (OK),2025-05-14,5007.44,POS Export,2026-04-03T19:09:52.406438+00:00
866,112-0001,Stillwater (OK),2025-05-15,6449.0,POS Export,2026-04-03T19:09:52.406438+00:00
867,112-0001,Stillwater (OK),2025-05-16,4479.44,POS Export,2026-04-03T19:09:52.406438+00:00
868,112-0001,Stillwater (OK),2025-05-17,3457.41,POS Export,2026-04-03T19:09:52.406438+00:00
869,112-0001,Stillwater (OK),2025-05-18,3802.99,POS Export,2026-04-03T19:09:52.406438+00:00
870,112-0001,Stillwater (OK),2025-05-19,3316.12,POS Export,2026-04-03T19:09:52.406438+00:00
871,112-0001,Stillwater (OK),2025-05-20,2227.44,POS Export,2026-04-03T19:09:52.406438+00:00
872,112-0001,Stillwater (OK),2025-05-21,3451.39,POS Export,2026-04-03T19:09:52.406438+00:00
873,112-0001,Stillwater (OK),2025-05-22,3175.24,POS Export,2026-04-03T19:09:52.406438+00:00
874,112-0001,Stillwater (OK),2025-05-23,4827.28,POS Export,2026-04-03T19:09:52.406438+00:00
875,112-0001,Stillwater (OK),2025-05-24,2647.16,POS Export,2026-04-03T19:09:52.406438+00:00
876,112-0001,Stillwater (OK),2025-05-25,3068.13,POS Export,2026-04-03T19:09:52.406438+00:00
877,112-0001,Stillwater (OK),2025-05-26,2586.91,POS Export,2026-04-03T19:09:52.406438+00:00
878,112-0001,Stillwater (OK),2025-05-27,2373.02,POS Export,2026-04-03T19:09:52.406438+00:00
879,112-0001,Stillwater (OK),2025-05-28,4300.33,POS Export,2026-04-03T19:09:52.406438+00:00
880,112-0001,Stillwater (OK),2025-05-29,3247.64,POS Export,2026-04-03T19:09:52.406438+00:00
881,112-0001,Stillwater (OK),2025-05-30,4038.57,POS Export,2026-04-03T19:09:52.406438+00:00
882,112-0001,Stillwater (OK),2025-05-31,3826.16,POS Export,2026-04-03T19:09:52.406438+00:00
883,112-0001,Stillwater (OK),2025-06-01,3806.02,POS Export,2026-04-03T19:09:52.406438+00:00
884,112-0001,Stillwater (OK),2025-06-02,2414.77,POS Export,2026-04-03T19:09:52.406438+00:00
885,112-0001,Stillwater (OK),2025-06-03,2629.83,POS Export,2026-04-03T19:09:52.406438+00:00
886,112-0001,Stillwater (OK),2025-06-04,3367.15,POS Export,2026-04-03T19:09:52.406438+00:00
887,112-0001,Stillwater (OK),2025-06-05,3776.29,POS Export,2026-04-03T19:09:52.406438+00:00
888,112-0001,Stillwater (OK),2025-06-06,4075.11,POS Export,2026-04-03T19:09:52.406438+00:00
889,112-0001,Stillwater (OK),2025-06-07,3597.29,POS Export,2026-04-03T19:09:52.406438+00:00
890,112-0001,Stillwater (OK),2025-06-08,3711.63,POS Export,2026-04-03T19:09:52.406438+00:00
891,112-0001,Stillwater (OK),2025-06-09,3149.25,POS Export,2026-04-03T19:09:52.406438+00:00
892,112-0001,Stillwater (OK),2025-06-10,2769.15,POS Export,2026-04-03T19:09:52.406438+00:00
893,112-0001,Stillwater (OK),2025-06-11,3522.91,POS Export,2026-04-03T19:09:52.406438+00:00
894,112-0001,Stillwater (OK),2025-06-12,3737.59,POS Export,2026-04-03T19:09:52.406438+00:00
895,112-0001,Stillwater (OK),2025-06-13,3976.49,POS Export,2026-04-03T19:09:52.406438+00:00
896,112-0001,Stillwater (OK),2025-06-14,3719.23,POS Export,2026-04-03T19:09:52.406438+00:00
897,112-0001,Stillwater (OK),2025-06-15,3090.47,POS Export,2026-04-03T19:09:52.406438+00:00
898,112-0001,Stillwater (OK),2025-06-16,2485.43,POS Export,2026-04-03T19:09:52.406438+00:00
899,112-0001,Stillwater (OK),2025-06-17,4269.87,POS Export,2026-04-03T19:09:52.406438+00:00
900,112-0001,Stillwater (OK),2025-06-18,3814.62,POS Export,2026-04-03T19:09:52.406438+00:00
901,112-0001,Stillwater (OK),2025-06-19,3222.05,POS Export,2026-04-03T19:09:52.406438+00:00
902,112-0001,Stillwater (OK),2025-06-20,2907.49,POS Export,2026-04-03T19:09:52.406438+00:00
903,112-0001,Stillwater (OK),2025-06-21,2954.99,POS Export,2026-04-03T19:09:52.406438+00:00
904,112-0001,Stillwater (OK),2025-06-22,3844.52,POS Export,2026-04-03T19:09:52.406438+00:00
905,112-0001,Stillwater (OK),2025-06-23,2917.01,POS Export,2026-04-03T19:09:52.406438+00:00
906,112-0001,Stillwater (OK),2025-06-24,2751.66,POS Export,2026-04-03T19:09:52.406438+00:00
907,112-0001,Stillwater (OK),2025-06-25,3070.19,POS Export,2026-04-03T19:09:52.406438+00:00
908,112-0001,Stillwater (OK),2025-06-26,3239.48,POS Export,2026-04-03T19:09:52.406438+00:00
909,112-0001,Stillwater (OK),2025-06-27,4091.86,POS Export,2026-04-03T19:09:52.406438+00:00
910,112-0001,Stillwater (OK),2025-06-28,3297.35,POS Export,2026-04-03T19:09:52.406438+00:00
911,112-0001,Stillwater (OK),2025-06-29,2567.49,POS Export,2026-04-03T19:09:52.406438+00:00
912,112-0001,Stillwater (OK),2025-06-30,2650.63,POS Export,2026-04-03T19:09:52.406438+00:00
913,112-0001,Stillwater (OK),2025-07-01,2970.3,POS Export,2026-04-03T19:09:52.406438+00:00
914,112-0001,Stillwater (OK),2025-07-02,3113.19,POS Export,2026-04-03T19:09:52.406438+00:00
915,112-0001,Stillwater (OK),2025-07-03,2783.01,POS Export,2026-04-03T19:09:52.406438+00:00
916,112-0001,Stillwater (OK),2025-07-04,2472.12,POS Export,2026-04-03T19:09:52.406438+00:00
917,112-0001,Stillwater (OK),2025-07-05,2712.98,POS Export,2026-04-03T19:09:52.406438+00:00
918,112-0001,Stillwater (OK),2025-07-06,3176.96,POS Export,2026-04-03T19:09:52.406438+00:00
919,112-0001,Stillwater (OK),2025-07-07,2591.22,POS Export,2026-04-03T19:09:52.406438+00:00
920,112-0001,Stillwater (OK),2025-07-08,3203.34,POS Export,2026-04-03T19:09:52.406438+00:00
921,112-0001,Stillwater (OK),2025-07-09,2974.99,POS Export,2026-04-03T19:09:52.406438+00:00
922,112-0001,Stillwater (OK),2025-07-10,3120.62,POS Export,2026-04-03T19:09:52.406438+00:00
923,112-0001,Stillwater (OK),2025-07-11,3638.57,POS Export,2026-04-03T19:09:52.406438+00:00
924,112-0001,Stillwater (OK),2025-07-12,3343.87,POS Export,2026-04-03T19:09:52.406438+00:00
925,112-0001,Stillwater (OK),2025-07-13,3759.14,POS Export,2026-04-03T19:09:52.406438+00:00
926,112-0001,Stillwater (OK),2025-07-14,2709.72,POS Export,2026-04-03T19:09:52.406438+00:00
927,112-0001,Stillwater (OK),2025-07-15,3948.53,POS Export,2026-04-03T19:09:52.406438+00:00
928,112-0001,Stillwater (OK),2025-07-16,3927.58,POS Export,2026-04-03T19:09:52.406438+00:00
929,112-0001,Stillwater (OK),2025-07-17,3627.86,POS Export,2026-04-03T19:09:52.406438+00:00
930,112-0001,Stillwater (OK),2025-07-18,4596.73,POS Export,2026-04-03T19:09:52.406438+00:00
931,112-0001,Stillwater (OK),2025-07-19,3291.63,POS Export,2026-04-03T19:09:52.406438+00:00
932,112-0001,Stillwater (OK),2025-07-20,3870.54,POS Export,2026-04-03T19:09:52.406438+00:00
933,112-0001,Stillwater (OK),2025-07-21,2554.71,POS Export,2026-04-03T19:09:52.406438+00:00
934,112-0001,Stillwater (OK),2025-07-22,2862.87,POS Export,2026-04-03T19:09:52.406438+00:00
935,112-0001,Stillwater (OK),2025-07-23,2984.54,POS Export,2026-04-03T19:09:52.406438+00:00
936,112-0001,Stillwater (OK),2025-07-24,3211.82,POS Export,2026-04-03T19:09:52.406438+00:00
937,112-0001,Stillwater (OK),2025-07-25,3940.41,POS Export,2026-04-03T19:09:52.406438+00:00
938,112-0001,Stillwater (OK),2025-07-26,3466.13,POS Export,2026-04-03T19:09:52.406438+00:00
939,112-0001,Stillwater (OK),2025-07-27,4262.04,POS Export,2026-04-03T19:09:52.406438+00:00
940,112-0001,Stillwater (OK),2025-07-28,2928.26,POS Export,2026-04-03T19:09:52.406438+00:00
941,112-0001,Stillwater (OK),2025-07-29,3180.89,POS Export,2026-04-03T19:09:52.406438+00:00
942,112-0001,Stillwater (OK),2025-07-30,3589.53,POS Export,2026-04-03T19:09:52.406438+00:00
943,112-0001,Stillwater (OK),2025-07-31,4248.69,POS Export,2026-04-03T19:09:52.406438+00:00
944,112-0001,Stillwater (OK),2025-08-01,4810.05,POS Export,2026-04-03T19:09:52.406438+00:00
945,112-0001,Stillwater (OK),2025-08-02,3799.82,POS Export,2026-04-03T19:09:52.406438+00:00
946,112-0001,Stillwater (OK),2025-08-03,3451.17,POS Export,2026-04-03T19:09:52.406438+00:00
947,112-0001,Stillwater (OK),2025-08-04,3492.54,POS Export,2026-04-03T19:09:52.406438+00:00
948,112-0001,Stillwater (OK),2025-08-05,3356.27,POS Export,2026-04-03T19:09:52.406438+00:00
949,112-0001,Stillwater (OK),2025-08-06,3315.02,POS Export,2026-04-03T19:09:52.406438+00:00
950,112-0001,Stillwater (OK),2025-08-07,4096.28,POS Export,2026-04-03T19:09:52.406438+00:00
951,112-0001,Stillwater (OK),2025-08-08,4487.53,POS Export,2026-04-03T19:09:52.406438+00:00
952,112-0001,Stillwater (OK),2025-08-09,4375.28,POS Export,2026-04-03T19:09:52.406438+00:00
953,112-0001,Stillwater (OK),2025-08-10,3600.32,POS Export,2026-04-03T19:09:52.406438+00:00
954,112-0001,Stillwater (OK),2025-08-11,4076.21,POS Export,2026-04-03T19:09:52.406438+00:00
955,112-0001,Stillwater (OK),2025-08-12,4500.4,POS Export,2026-04-03T19:09:52.406438+00:00
956,112-0001,Stillwater (OK),2025-08-13,4924.12,POS Export,2026-04-03T19:09:52.406438+00:00
957,112-0001,Stillwater (OK),2025-08-14,5259.56,POS Export,2026-04-03T19:09:52.406438+00:00
958,112-0001,Stillwater (OK),2025-08-15,5754.85,POS Export,2026-04-03T19:09:52.406438+00:00
959,112-0001,Stillwater (OK),2025-08-16,5433.97,POS Export,2026-04-03T19:09:52.406438+00:00
960,112-0001,Stillwater (OK),2025-08-17,6325.41,POS Export,2026-04-03T19:09:52.406438+00:00
961,112-0001,Stillwater (OK),2025-08-18,3051.67,POS Export,2026-04-03T19:09:52.406438+00:00
962,112-0001,Stillwater (OK),2025-08-19,3699.36,POS Export,2026-04-03T19:09:52.406438+00:00
963,112-0001,Stillwater (OK),2025-08-20,3394.98,POS Export,2026-04-03T19:09:52.406438+00:00
964,112-0001,Stillwater (OK),2025-08-21,4001.59,POS Export,2026-04-03T19:09:52.406438+00:00
965,112-0001,Stillwater (OK),2025-08-22,5071.15,POS Export,2026-04-03T19:09:52.406438+00:00
966,112-0001,Stillwater (OK),2025-08-23,5003.84,POS Export,2026-04-03T19:09:52.406438+00:00
967,112-0001,Stillwater (OK),2025-08-24,6322.51,POS Export,2026-04-03T19:09:52.406438+00:00
968,112-0001,Stillwater (OK),2025-08-25,3275.61,POS Export,2026-04-03T19:09:52.406438+00:00
969,112-0001,Stillwater (OK),2025-08-26,3297.6,POS Export,2026-04-03T19:09:52.406438+00:00
970,112-0001,Stillwater (OK),2025-08-27,4382.47,POS Export,2026-04-03T19:09:52.406438+00:00
971,112-0001,Stillwater (OK),2025-08-28,6071.35,POS Export,2026-04-03T19:09:52.406438+00:00
972,112-0001,Stillwater (OK),2025-08-29,5116.47,POS Export,2026-04-03T19:09:52.406438+00:00
973,112-0001,Stillwater (OK),2025-08-30,4210.54,POS Export,2026-04-03T19:09:52.406438+00:00
974,112-0001,Stillwater (OK),2025-08-31,3832.68,POS Export,2026-04-03T19:09:52.406438+00:00
975,112-0001,Stillwater (OK),2025-09-01,4254.64,POS Export,2026-04-03T19:09:52.406438+00:00
976,112-0001,Stillwater (OK),2025-09-02,3414.88,POS Export,2026-04-03T19:09:52.406438+00:00
977,112-0001,Stillwater (OK),2025-09-03,3845.61,POS Export,2026-04-03T19:09:52.406438+00:00
978,112-0001,Stillwater (OK),2025-09-04,4876.01,POS Export,2026-04-03T19:09:52.406438+00:00
979,112-0001,Stillwater (OK),2025-09-05,5633.62,POS Export,2026-04-03T19:09:52.406438+00:00
980,112-0001,Stillwater (OK),2025-09-06,4055.87,POS Export,2026-04-03T19:09:52.406438+00:00
981,112-0001,Stillwater (OK),2025-09-07,4702.84,POS Export,2026-04-03T19:09:52.406438+00:00
982,112-0001,Stillwater (OK),2025-09-08,3578.71,POS Export,2026-04-03T19:09:52.406438+00:00
983,112-0001,Stillwater (OK),2025-09-09,3598.37,POS Export,2026-04-03T19:09:52.406438+00:00
984,112-0001,Stillwater (OK),2025-09-10,4083.65,POS Export,2026-04-03T19:09:52.406438+00:00
985,112-0001,Stillwater (OK),2025-09-11,3841.66,POS Export,2026-04-03T19:09:52.406438+00:00
986,112-0001,Stillwater (OK),2025-09-12,6131.23,POS Export,2026-04-03T19:09:52.406438+00:00
987,112-0001,Stillwater (OK),2025-09-13,4019.69,POS Export,2026-04-03T19:09:52.406438+00:00
988,112-0001,Stillwater (OK),2025-09-14,4949.27,POS Export,2026-04-03T19:09:52.406438+00:00
989,112-0001,Stillwater (OK),2025-09-15,3239.18,POS Export,2026-04-03T19:09:52.406438+00:00
990,112-0001,Stillwater (OK),2025-09-16,3936.08,POS Export,2026-04-03T19:09:52.406438+00:00
991,112-0001,Stillwater (OK),2025-09-17,3140.27,POS Export,2026-04-03T19:09:52.406438+00:00
992,112-0001,Stillwater (OK),2025-09-18,4895.28,POS Export,2026-04-03T19:09:52.406438+00:00
993,112-0001,Stillwater (OK),2025-09-19,7566.24,POS Export,2026-04-03T19:09:52.406438+00:00
994,112-0001,Stillwater (OK),2025-09-20,5174.56,POS Export,2026-04-03T19:09:52.406438+00:00
995,112-0001,Stillwater (OK),2025-09-21,5238.76,POS Export,2026-04-03T19:09:52.406438+00:00
996,112-0001,Stillwater (OK),2025-09-22,4114.65,POS Export,2026-04-03T19:09:52.406438+00:00
997,112-0001,Stillwater (OK),2025-09-23,4071.58,POS Export,2026-04-03T19:09:52.406438+00:00
998,112-0001,Stillwater (OK),2025-09-24,4154.79,POS Export,2026-04-03T19:09:52.406438+00:00
999,112-0001,Stillwater (OK),2025-09-25,4982.83,POS Export,2026-04-03T19:09:52.406438+00:00
1000,112-0001,Stillwater (OK),2025-09-26,6139.14,POS Export,2026-04-03T19:09:52.406438+00:00
